Barwegen,Dick,1950|1951|1952|1953,LG,CHI|BAL
 Connor,George,1950|1951|1952|1953,LDT/LT|LT|LLB/LT,CHI
 Lujack,Johnny,1950|1951,QB,CHI
 Motley,Marion,1950,FB,CLE
 Weinmeister,Arnie,1950|1951|1952|1953,LDT,NYG
 Geri,Joe,1950|1951,TB,PIT
 Fears,Tom,1950,LE,RAM
 Speedie,Mac,1950|1952,LE,CLE
 Walker,Doak,1950|1951|1953|1954|1955,LH,DET
 Willis,Bill,1950|1951|1952,MG,CLE
 Huffman,Dick,1950,LDT/LT,RAM
 Bray,Ray,1950|1951,MG/RG|RDT,CHI
 Grimes,Billy,1950|1951,RH,GNB
 Bednarik,Chuck,1950|1951|1952|1953|1954|1956|1957|1960,MLB|LLB|C,PHI
 Sprinkle,Ed,1950|1951|1952|1954,RDE/RE|RDE,CHI
 Doll,Don,1950|1951|1952|1953,LDH|LS,DET|WAS
 Poole,Ray,1950,RDE/RE,NYG
 Schnellbacher,Otto,1950|1951,RS,NYG
 Edwards,Dan,1950,RE,NYY
 Sanders,Spec,1950,S,NYY
 Shaw,Bob,1950,RE,CRD
 Pihos,Pete,1950|1951|1952|1953|1954|1955,RDE/RE|RDE|RE,PHI
 Hoerner,Dick,1950,FB,RAM
 Adamle,Tony,1950|1951,RLB|LLB,CLE
 Graham,Otto,1950|1951|1952|1953|1954,QB,CLE
 Harder,Pat,1950|1952,FB,CRD|DET
 Box,Cloyce,1950|1952,LE,DET
 Neal,Ed,1950,C,GNB
 Tunnell,Emlen,1950|1951|1952|1953|1954|1955|1956|1957|1959,LDH|LS,NYG|GNB
 Wistert,Al,1950,RDT/RT,PHI
 Waterfield,Bob,1950|1951,QB,RAM
 Strzykalski,Johnny,1950,RH,SFO
 Dudley,Bill,1950|1951,RH/S|LH,WAS
 Davis,Fred,1950,,CHI
 Turner,Bulldog,1950|1951,C,CHI
 Groza,Lou,1950|1951|1952|1953|1954|1955|1957|1958|1959,LT,CLE
 Humble,Weldon,1950,LG,CLE
 Angsman,Elmer,1950,RH,CRD
 Dove,Bob,1950,LDE,CRD
 Fischer,Bill,1950|1951|1952,LDT/LT|LT|RG,CRD
 Hardy,Jim,1950,QB,CRD
 Creekmur,Lou,1950|1951|1952|1953|1954|1955|1956|1957,LG|LT,DET
 McGraw,Thurman,1950,LDT,DET
 Cannady,John,1950|1952,LLB|RLB,NYG
 Conerly,Charlie,1950|1956,QB,NYG
 DeRogatis,Al,1950|1951,RDT,NYG
 Roberts,Gene,1950,LH,NYG
 Ecklund,Brad,1950|1951,C,NYY
 Toth,Zollie,1950,FB,NYY
 Barnes,Walt,1950,LLB,PHI
 Green,John,1950,LDE,PHI
 Shipkey,Jerry,1950|1951|1952,FB/LLB|RLB|LLB,PIT
 Walsh,Bill,1950|1951,C,PIT
 Brink,Larry,1950|1951,LDE,RAM
 Davis,Glenn,1950,LH,RAM
 Lewis,Woodley,1950,RDH,RAM
 Van Brocklin,Norm,1950|1951|1952|1953|1954|1955|1958|1959|1960,QB|P/QB,RAM|PHI
 Albert,Frankie,1950,QB,SFO
 Grgich,Visco,1950,MG,SFO
 Nomellini,Leo,1950|1951|1952|1953|1956|1957|1958|1959|1960|1961,RDT|RDT/RT|RT|LDT,SFO
 Standlee,Norm,1950,RLB,SFO
 Gilmer,Harry,1950|1952,QB|LH,WAS
 Lipscomb,Paul,1950|1951|1952|1953,RDT|RDT/RT,WAS
 Ford,Len,1951|1952|1953|1954,RDE,CLE
 Jones,Dub,1951|1952,RH,CLE
 Hirsch,Elroy,1951|1952|1953,RE|LE,RAM
 Hart,Leon,1951,RE,DET
 Lavelli,Dante,1951|1953|1954,RE,CLE
 Coulter,Tex,1951|1952,LT,NYG
 Towler,Dan,1951|1952|1953|1954,FB,RAM
 Bingaman,Les,1951|1953,MG,DET
 Price,Eddie,1951|1952|1954,FB,NYG
 West,Stan,1951|1952,MG,RAM
 Baker,Jon,1951|1952,MG,NYG
 Younger,Tank,1951|1952|1953|1955,RLB|LLB|FB,RAM
 Dottley,John,1951,,CHI
 Polsfoot,Fran,1951,LE,CRD
 Hoernschemeyer,Bob,1951|1952,RH,DET
 Soltau,Gordie,1951|1952|1953,LE,SFO
 Carpenter,Ken,1951,LH,CLE
 Wham,Tom,1951,RDE,CRD
 Layne,Bobby,1951|1952|1953|1956|1958|1959,QB,DET|PIT
 Wildung,Dick,1951,LDT/LT,GNB
 McCormack,Mike,1951|1956|1957|1960|1961|1962,RT,NYY|CLE
 Taliaferro,George,1951|1952|1953,LH,NYY|DTX|BAL
 Craft,Russ,1951|1952,LDH,PHI
 Jarmoluk,Mike,1951,RDT,PHI
 Hughes,George,1951|1953,RG|RT,PIT
 Paul,Don,1951|1952|1953|1956|1957|1958,LLB|RLB|RH|RDH,RAM|CRD|CLE
 Cason,Jim,1951|1954,S|RS,SFO
 Collins,Ray,1951,LDT/LT,SFO
 Baugh,Sammy,1951,QB,WAS
 Goode,Rob,1951|1954,FB,WAS
 Niemi,Laurie,1951|1952,LT,WAS
 McElhenny,Hugh,1952|1953|1956|1957|1958|1961,RH|LH|HB,SFO|MIN
 Smith,Bob,1952,,DET
 Howton,Billy,1952|1955|1956|1957,RE,GNB
 Williams,Johnny,1952,RDH,WAS
 Matson,Ollie,1952|1954|1955|1956|1957|1958,FB|LH,CRD
 Kilroy,Bucko,1952|1953|1954,MG,PHI
 Mathews,Ray,1952|1955,LH,PIT
 Stautner,Ernie,1952|1953|1955|1956|1957|1958|1959|1960|1961,RDT|RG|RDE|LDT,PIT
 Henke,Ed,1952,LDE,SFO
 Johnson,Bill,1952|1953,C,SFO
 Trippi,Charley,1952|1953,QB|LH,CRD
 Wozniak,John,1952,RG,DTX
 Brown,Hardy,1952,MLB,SFO
 Schroeder,Gene,1952,RE,CHI
 Williams,Fred,1952|1953|1958|1959,LDT,CHI
 Gibron,Abe,1952|1953|1954|1955,LG,CLE
 Gillom,Horace,1952,,CLE
 Teteak,Deral,1952,RLB,GNB
 Wimberly,Ab,1952,RDE,GNB
 Chandnois,Lynn,1952|1953,RH,PIT
 Finks,Jim,1952,QB,PIT
 McPeak,Bill,1952|1953|1956,RDE,PIT
 Nickel,Elbie,1952|1953|1956,RE|LH,PIT
 Winkler,Jim,1952,LDT,RAM
 Perry,Joe,1952|1953|1954,FB,SFO
 Taylor,Hugh,1952|1954,LE|RE,WAS
 Christiansen,Jack,1953|1954|1955|1956|1957,LS|RS,DET
 Keane,Tom,1953,RS,BAL
 Stanfel,Dick,1953|1955|1956|1957|1958,RG,DET|WAS
 Robustelli,Andy,1953|1955|1956|1957|1959|1960|1961,RDE,RAM|NYG
 Dodrill,Dale,1953|1954|1955|1957,MG|MLB,PIT
 Gifford,Frank,1953|1954|1955|1956|1957|1958|1959|1963,LDH|LH|FL,NYG
 Jagade,Chick,1953|1954,FB,CLE|CHI
 Lahr,Warren,1953,LDH,CLE
 Michalik,Art,1953,MG,SFO
 Olszewski,Johnny,1953|1955,FB,CRD
 Snyder,Lum,1953|1954,RT,PHI
 Thomason,Bobby,1953|1956,QB,PHI
 Tonnemaker,Clayton,1953,RLB,GNB
 Brito,Gene,1953|1955|1956|1957|1958,LDE,WAS
 Donovan,Art,1953|1954|1955|1956|1957,LDT,BAL
 Farragut,Ken,1953,C,PHI
 Hanner,Dave,1953|1954,RDT,GNB
 Hoffman,John,1953|1955,RH|LH,CHI
 James,Tommy,1953,RDH,CLE
 Kindt,Don,1953,LS,CHI
 Lary,Yale,1953|1956|1957|1958|1959|1960|1961|1962|1964,RS|LS|P/RS,DET
 Martinkovic,John,1953|1954|1955,LDE,GNB
 Matuszak,Marv,1953|1957,RLB,PIT|SFO
 Renfro,Ray,1953|1957|1960,LH|FL,CLE
 Rote,Kyle,1953|1954|1955|1956,RH|LE,NYG
 Svoboda,Bill,1953,LS,CRD
 Tittle,Y.A.,1953|1954|1957|1959|1961|1962|1963,QB,SFO|NYG
 Banducci,Bruno,1954,RG,SFO
 Hill,Harlon,1954|1955|1956,LE,CHI
 Willey,Norm,1954|1955,RDE,PHI
 David,Jim,1954|1955|1956|1957|1958|1959,LDH,DET
 Landry,Tom,1954,LDH,NYG
 Boyd,Bob,1954,RE,RAM
 Schmidt,Joe,1954|1955|1956|1957|1958|1959|1960|1961|1962|1963,LLB|RLB|MLB,DET
 Zatkoff,Roger,1954|1955|1956,RLB,GNB
 Krouse,Ray,1954,LDT,NYG
 Lane,Night Train,1954|1955|1956|1958|1960|1961|1962,RDH|LDH|LCB,CRD|DET
 Wilson,Billy,1954|1955|1956|1957|1958|1959,RE,SFO
 Johnson,John Henry,1954|1962|1963|1964,LH|FB,SFO|PIT
 Colo,Don,1954|1955|1958,RDT,CLE
 Torgeson,LaVern,1954|1955|1956,RLB|LLB,DET|WAS
 Putnam,Duane,1954|1955|1956|1957|1958,LG,RAM
 Wells,Billy,1954,RH,WAS
 Bishop,Bill,1954,RDT,CHI
 George,Bill,1954|1955|1956|1957|1958|1959|1960|1961,MG|MLB,CHI
 Marchetti,Gino,1954|1955|1956|1957|1958|1959|1960|1961|1962|1963|1964,LDE,BAL
 Young,Buddy,1954,RH,BAL
 Groom,Jerry,1954,RDT,CRD
 Stits,Bill,1954,RDH,DET
 Austin,Bill,1954,LG,NYG
 Burk,Adrian,1954|1955,QB,PHI
 Robinson,Wayne,1954|1955,RLB,PHI
 Lattner,Johnny,1954,RH,PIT
 McLaughlin,Leon,1954,C,RAM
 Quinlan,Skeets,1954,LH,RAM
 Richter,Les,1954|1955|1956|1957|1958|1959|1960|1961,RLB|MG|MLB,RAM
 Carapella,Al,1954,MG,SFO
 Alban,Dick,1954,RS,WAS
 Dillon,Bobby,1955|1956|1957|1958,RS,GNB
 Sherman,Will,1955|1958,RS,RAM
 Ameche,Alan,1955|1956|1957|1958,FB,BAL
 Toneff,Bob,1955|1959|1960|1961,LDT,SFO|WAS
 Jones,Stan,1955|1956|1957|1958|1959|1960|1961,RG|RT|LG,CHI
 Ferguson,Howie,1955,FB,GNB
 Rechichar,Bert,1955|1956|1957,RS,BAL
 Morrison,Fred,1955,RH,CLE
 Waller,Ron,1955,LH,RAM
 Casares,Rick,1955|1956|1957|1958|1959,FB,CHI
 Wightkin,Bill,1955,LT,CHI
 Szymanski,Dick,1955|1962|1964,C,BAL
 McFadin,Bud,1955|1956,LDT,RAM
 Konz,Ken,1955,LS,CLE
 Scudero,Joe,1955,LS,WAS
 Brown,Ed,1955|1956,QB,CHI
 Brewster,Pete,1955|1956,LE,CLE
 Massey,Carlton,1955,LDE,CLE
 Michaels,Walt,1955|1956|1957|1958|1959,RLB|MLB,CLE
 Wallner,Fred,1955,RLB,CRD
 Brown,Rosey,1955|1956|1957|1958|1959|1960|1962|1964|1965,LT,NYG
 Stroud,Jack,1955|1957|1960,RG,NYG
 Weatherall,Jim,1955|1956,LT|LDT,PHI
 Butler,Jack,1955|1956|1957|1958,RDH|RS|LS,PIT
 Varrichione,Frank,1955|1957|1958|1960|1962,RT,PIT|RAM
 Miller,Paul,1955|1956,LDE,RAM
 Moegle,Dicky,1955,LS,SFO
 Drazenovich,Chuck,1955|1956|1957|1958,MLB|LLB,WAS
 LeBaron,Eddie,1955|1957|1958|1962,QB,WAS|DAL
 Peters,Volney,1955,LDT,WAS
 Ulinski,Harry,1955,C,WAS
 Grier,Rosey,1956|1960,RDT,NYG
 Strickland,Larry,1956,C,CHI
 Ane,Charlie,1956|1958,C,DET
 Caroline,J.C.,1956,LDH,CHI
 St. Clair,Bob,1956|1958|1959|1960|1961,RT,SFO
 Rote,Tobin,1956,QB,GNB
 Moore,Lenny,1956|1958|1959|1960|1961|1962|1964,RH|FL|HB,BAL
 Crow,Lindon,1956|1957|1959,RDH|RS|LDH,CRD|NYG
 Gatski,Frank,1956,C,CLE
 Sanford,Leo,1956|1957,LLB|RLB,CRD
 Simmons,Jack,1956,C,CRD
 Lansford,Buck,1956,G,PHI
 Rogel,Fran,1956,FB,PIT
 Clarke,Leon,1956,RH,RAM
 Hock,John,1956,RG,RAM
 Baker,Sam,1956|1963|1964|1968,K/P,WAS|DAL|PHI
 Dorow,Al,1956,QB,WAS
 Elter,Leo,1956,FB,WAS
 Brown,Jim,1957|1958|1959|1960|1961|1962|1963|1964|1965,FB,CLE
 Ringo,Jim,1957|1958|1959|1960|1961|1962|1963|1964|1965|1967,C,GNB|PHI
 Gain,Bob,1957|1958|1959|1961|1962,LDT|LDE,CLE
 Unitas,Johnny,1957|1958|1959|1960|1961|1962|1963|1964|1966|1967,QB,BAL
 Wilson,Tommy,1957,LH,RAM
 Sewell,Harley,1957|1958|1959|1962,LG,DET
 Wietecha,Ray,1957|1958|1960|1962,C,NYG
 Carson,John,1957,LE,WAS
 Atkins,Doug,1957|1958|1959|1960|1961|1962|1963|1965,RDE,CHI
 Mutscheller,Jim,1957,RE,BAL
 Daugherty,Dick,1957,RLB,RAM
 Gilbert,Kline,1957,RT,CHI
 O'Connell,Tommy,1957,QB,CLE
 McCord,Darris,1957,LDE,DET
 Barnes,Billy Ray,1957|1958|1959,LH,PHI
 Norton,Jerry,1957|1958|1959|1960|1961,LS|RDH|LS/P,PHI|CRD|STL
 Scott,Tom,1957|1958,LDE,PHI
 McClairen,Jack,1957,,PIT
 Morrall,Earl,1957|1968,QB,PIT|BAL
 Arnett,Jon,1957|1958|1959|1960|1961,LH|HB/KR|HB/KR/PR,RAM
 Podoley,Jim,1957,RH,WAS
 Berry,Raymond,1958|1959|1960|1961|1963|1964,LE|SE,BAL
 Lipscomb,Gene,1958|1959|1962,RDT|LDT,BAL|PIT
 Shofner,Del,1958|1959|1961|1962|1963,RH|LE|SE,RAM|NYG
 Parker,Jim,1958|1959|1960|1961|1962|1963|1964|1965,LT|LG,BAL
 Huff,Sam,1958|1959|1960|1961|1964,MLB,NYG|WAS
 Patton,Jimmy,1958|1959|1960|1961|1962,RS,NYG
 Smith,Jim Ray,1958|1959|1960|1961|1962,LG,CLE
 Retzlaff,Pete,1958|1960|1963|1964|1965,RH|SE|TE,PHI
 Galimore,Willie,1958,LH,CHI
 Fortunato,Joe,1958|1962|1963|1964|1965,RLB|LLB,CHI
 Joyce,Don,1958,RDE,BAL
 Nagler,Gern,1958,LE,CRD
 Sugar,Leo,1958|1960,LDE,CRD|STL
 Schnelker,Bob,1958|1959,RE,NYG
 Webster,Alex,1958|1961,RH|FB,NYG
 McDonald,Tommy,1958|1959|1960|1961|1962|1965,RH|FL,PHI|RAM
 Tracy,Tom,1958|1960,RH|HB,PIT
 Wade,Billy,1958|1963,QB,RAM|CHI
 Mertens,Jerry,1958,LDH,SFO
 Schrader,Jim,1958|1959|1961,C,WAS
 Spinney,Art,1959|1960,LG,BAL
 Derby,Dean,1959,LDH,PIT
 Woodson,Abe,1959|1960|1961|1962|1963,RDH|PR/RCB|KR/LCB/PR/RCB|KR/PR/RCB,SFO
 Brookshier,Tom,1959|1960,RDH|RCB,PHI
 Smith,J.D.,1959|1961|1962,LH|RT|FB,SFO|PHI
 Gregg,Forrest,1959|1960|1961|1962|1963|1964|1966|1967|1968,RT,GNB
 Reger,John,1959|1960|1961,RLB,PIT
 Barnes,Erich,1959|1961|1962|1963|1964|1968,RDH|LCB,CHI|NYG|CLE
 Crow,John David,1959|1960|1962|1965,FB|HB|LH,CRD|STL|SFO
 Orr,Jimmy,1959|1965,RE|FL,PIT|BAL
 Richardson,Jess,1959,LDT,PHI
 Nisby,John,1959|1961|1962,RG|LG,PIT|WAS
 Fuller,Frank,1959,RDT,CRD
 Hornung,Paul,1959|1960,LH|HB/K,GNB
 Forester,Bill,1959|1960|1961|1962,RLB,GNB
 Hunter,Art,1959,C,CLE
 Panfil,Ken,1959,RT,CRD
 Campbell,Marion,1959|1960,RDT|RDE,PHI
 Lundy,Lamar,1959,LDE,RAM
 Baker,Dave,1959,LS,SFO
 Anderson,Bill,1959|1960,LE|SE,WAS
 Bosseler,Don,1959,FB,WAS
 Jordan,Henry,1960|1961|1963|1966,RDT,GNB
 Randle,Sonny,1960|1961|1962|1965,SE,STL
 Karras,Alex,1960|1961|1962|1965,LDT,DET
 Taylor,Jim,1960|1961|1962|1963|1964,FB,GNB
 Phillips,Red,1960|1961|1962,SE,RAM
 Nelson,Andy,1960,LS,BAL
 Bosley,Bruce,1960|1965|1966|1967,LG|C,SFO
 Mitchell,Bobby,1960|1962|1963|1964,HB/KR|RH|FL,CLE|WAS
 Plum,Milt,1960|1961,QB,CLE
 Meador,Eddie,1960|1964|1965|1966|1967|1968,LCB|RS|PR/RS,RAM
 Krueger,Charlie,1960|1964,RDE|LDT,SFO
 Morris,Johnny,1960,KR/PR/RH,CHI
 Parrish,Bernie,1960|1963,LCB,CLE
 Hill,Jimmy,1960|1961|1962,RCB,STL
 Doran,Jim,1960,TE,DAL
 Cogdill,Gail,1960|1962|1963,SE,DET
 Gibbons,Jim,1960|1961|1964,TE,DET
 Pietrosante,Nick,1960|1961,FB,DET
 Currie,Dan,1960,LLB,GNB
 Starr,Bart,1960|1961|1962|1966,QB,GNB
 Baughan,Maxie,1960|1961|1963|1964|1965|1966|1967|1968|1969,RLB,PHI|RAM
 Walston,Bobby,1960|1961,K/TE,PHI
 Sandusky,Mike,1960,LG,PIT
 Khayat,Bob,1960,K,WAS
 Katcavage,Jim,1961|1962|1963,LDE,NYG
 Jurgensen,Sonny,1961|1964|1966|1967|1969,QB,PHI|WAS
 Whittenton,Jesse,1961|1963,RCB,GNB
 Ditka,Mike,1961|1962|1963|1964|1965,TE,CHI
 Dial,Buddy,1961|1963,SE,PIT
 Perkins,Don,1961|1962|1963|1966|1967|1968,HB|FB,DAL
 Dove,Eddie,1961,RS,SFO
 Morrow,John,1961|1963,C,CLE
 Gray,Ken,1961|1963|1964|1966|1967|1968,RG,STL
 Stacy,Billy,1961,LCB,STL
 Bielski,Dick,1961,TE,DAL
 Martin,Jim,1961,K,DET
 McGee,Max,1961,SE,GNB
 Reichow,Jerry,1961,WR,MIN
 Dean,Ted,1961,PR,PHI
 Pottios,Myron,1961|1963|1964,MLB,PIT
 Connolly,Ted,1961,RG,SFO
 James,Dick,1961,KR/PR/RH,WAS
 Lemek,Ray,1961,LG,WAS
 Brown,Roger,1962|1963|1964|1965|1966|1967,RDT,DET|RAM
 Kramer,Jerry,1962|1963|1967,K/RG|RG,GNB
 Bass,Dick,1962|1963|1966,FB|HB,RAM
 Kramer,Ron,1962,TE,GNB
 Wood,Willie,1962|1964|1965|1966|1967|1968|1969|1970,PR/RS|LS/PR|RS|FS/PR,GNB
 Fiss,Galen,1962|1963,LLB|RLB,CLE
 Glass,Bill,1962|1963|1964|1967,RDE,CLE
 Tubbs,Jerry,1962,MLB,DAL
 Carpenter,Preston,1962,PR/TE,PIT
 Breedlove,Rod,1962,RLB,WAS
 Hazeltine,Matt,1962|1964,RLB,SFO
 Petitbon,Richie,1962|1963|1966|1967,LS,CHI
 Michaels,Lou,1962|1963,K/LDE,PIT
 Nutter,Buzz,1962,C,PIT
 Koman,Bill,1962|1964,RLB,STL
 Wilson,Larry,1962|1963|1965|1966|1967|1968|1969|1970,RS|FS,STL
 Bishop,Don,1962,RCB,DAL
 Lilly,Bob,1962|1964|1965|1966|1967|1968|1969|1970|1971|1972|1973,LDE|RDT,DAL
 Moore,Tom,1962,,GNB
 Mason,Tommy,1962|1963|1964,HB,MIN
 Dess,Darrell,1962|1963,LG,NYG
 Brown,Timmy,1962|1963|1965,HB/KR/PR|HB,PHI
 Olsen,Merlin,1962|1963|1964|1965|1966|1967|1968|1969|1970|1971|1972|1973|1974|1975,LDT|RDT,RAM
 Davis,Tommy,1962|1963,K/P,SFO
 Snead,Norm,1962|1963|1965|1972,QB,WAS|PHI|NYG
 Lynch,Dick,1963,RCB,NYG
 Taylor,Rosey,1963|1968,RS,CHI
 Schafrath,Dick,1963|1964|1965|1966|1967|1968,LT,CLE
 Adderley,Herb,1963|1964|1965|1966|1967,KR/LCB|LCB,GNB
 Pardee,Jack,1963,RLB,RAM
 Barr,Terry,1963|1964,RH,DET
 Thomas,Clendon,1963,LS,PIT
 Pyle,Mike,1963,C,CHI
 Gordy,John,1963|1964|1965,RG,DET
 DeMarco,Bob,1963|1965|1967,C,STL
 Davis,Willie,1963|1964|1965|1966|1967,LDE,GNB
 Bradshaw,Charlie,1963|1964,LT,PIT
 Walker,Wayne,1963|1964|1965,K/RLB,DET
 Hawkins,Rip,1963,MLB,MIN
 Marconi,Joe,1963,FB,CHI
 Mackey,John,1963|1965|1966|1967|1968,TE,BAL
 Johnson,Charley,1963,QB,STL
 Meinert,Dale,1963|1965|1967,MLB,STL
 Folkins,Lee,1963,TE,DAL
 Alderman,Grady,1963|1964|1965|1966|1967|1969,LT,MIN
 LoVetere,John,1963,RDT,NYG
 Krupa,Joe,1963,RDT,PIT
 Promuto,Vince,1963|1964,RG,WAS
 Rutgens,Joe,1963|1965,RDT,WAS
 Fischer,Pat,1964|1965|1969,LCB,STL|WAS
 Krause,Paul,1964|1965|1969|1971|1972|1973|1974|1975,RS|FS,WAS|MIN
 Boyd,Bobby,1964|1968,LCB,BAL
 Nitschke,Ray,1964,MLB,GNB
 Tingelhoff,Mick,1964|1965|1966|1967|1968|1969,C,MIN
 Warfield,Paul,1964|1968|1969|1970|1971|1972|1973|1974,SE|WR,CLE|MIA
 Renfro,Mel,1964|1965|1966|1967|1968|1969|1970|1971|1972|1973,KR/PR/RS|PR/RS|RS|RCB,DAL
 Houston,Jim,1964|1965|1969|1970,LLB,CLE
 Vogel,Bob,1964|1965|1967|1968|1971,LT,BAL
 Taylor,Charley,1964|1965|1966|1967|1972|1973|1974|1975,HB|HB/SE|SE|WR,WAS
 Peters,Floyd,1964|1966|1967,LDT,PHI
 Ballman,Gary,1964|1965,FL/KR|FL,PIT
 Jones,Deacon,1964|1965|1966|1967|1968|1969|1970|1972,LDE,RAM|SDG
 LeBeau,Dick,1964|1965|1966,LCB,DET
 Conrad,Bobby Joe,1964,FL,STL
 Brown,Bill,1964|1965|1967|1968,FB,MIN
 Paluck,John,1964,LDE,WAS
 Modzelewski,Dick,1964,LDT,CLE
 Ryan,Frank,1964|1965|1966,QB,CLE
 Goode,Irv,1964|1967,LG,STL
 Tarkenton,Fran,1964|1965|1967|1968|1969|1970|1974|1975|1976,QB,MIN|NYG
 Thomas,Aaron,1964,TE,NYG
 Cross,Irv,1964|1965,RCB|PR/RCB,PHI
 Parks,Dave,1964|1965|1966,SE,SFO
 Sayers,Gale,1965|1966|1967|1969,HB/KR/PR|HB/KR,CHI
 Butkus,Dick,1965|1966|1967|1968|1969|1970|1971|1972,MLB,CHI
 Collins,Gary,1965|1966,FL/P,CLE
 Brown,Bob,1965|1966|1968|1969|1970|1971,RT,PHI|RAM|OAK
 Willard,Ken,1965|1966|1968|1969,FB,SFO
 Hayes,Bob,1965|1966|1967,SE|PR/SE,DAL
 Brodie,John,1965|1970,QB,SFO
 Wooten,John,1965|1966,LG,CLE
 Silas,Sam,1965,LDT,STL
 Hickerson,Gene,1965|1966|1967|1968|1969|1970,RG,CLE
 Wiggin,Paul,1965|1967,LDE,CLE
 Logan,Jerry,1965|1970|1971,LS|SS,BAL
 Bakken,Jim,1965|1967|1975|1976,K,STL
 McMillan,Ernie,1965|1967|1969|1970,RT,STL
 Andrie,George,1965|1966|1967|1968|1969,RDE,DAL
 Green,Cornell,1965|1966|1967|1971|1972,LCB|SS,DAL
 Howley,Chuck,1965|1966|1967|1968|1969|1971,LLB|RLB,DAL
 Studstill,Pat,1965|1966,FL/P,DET
 Caffey,Lee Roy,1965,RLB,GNB
 Dowler,Boyd,1965|1967,SE,GNB
 Frederickson,Tucker,1965,FB,NYG
 Rock,Walt,1965,RT,SFO
 Kelly,Leroy,1966|1967|1968|1969|1970|1971,HB/PR|HB|FB|RB|PR/RB,CLE
 Thomas,John,1966,LG,SFO
 Stovall,Jerry,1966|1967|1969,LS,STL
 Smith,Jackie,1966|1967|1968|1969|1970,P/TE|TE,STL
 Robinson,Dave,1966|1967|1969,LLB,GNB
 McGee,Ben,1966|1968,LDE|RDE,PIT
 Gossett,Bruce,1966|1968,K,RAM
 Meredith,Don,1966|1967|1968,QB,DAL
 Braase,Ordell,1966|1967,RDE,BAL
 Robb,Joe,1966,LDE,STL
 Wilcox,Dave,1966|1968|1969|1970|1971|1972|1973,LLB,SFO
 Nobis,Tommy,1966|1967|1968|1970|1972,MLB,ATL
 Brewer,Johnny,1966,RLB,CLE
 Green,Ernie,1966|1967,FB,CLE
 Lyles,Lenny,1966,RCB,BAL
 Reynolds,Bob,1966|1968|1969,LT,STL
 Roland,Johnny,1966|1967,HB/PR|FB,STL
 Walker,Chuck,1966,RDT,STL
 Manders,Dave,1966,C,DAL
 Skoronski,Bob,1966,LT,GNB
 Flatley,Paul,1966,WR,MIN
 Sunde,Milt,1966,LG,MIN
 Lockhart,Spider,1966|1968,LCB/PR|PR/RS,NYG
 Clark,Mike,1966,K,PIT
 Keys,Brady,1966,RCB,PIT
 McKeever,Marlin,1966,,RAM
 Mudd,Howard,1966|1967|1968,RG,SFO
 Hanburger,Chris,1966|1967|1968|1969|1972|1973|1974|1975|1976,RLB,WAS
 Hauss,Len,1966|1968|1969|1970|1972,C,WAS
 Jeter,Bob,1967|1969,RCB,GNB
 Neely,Ralph,1967|1969,RT,DAL
 Jones,Homer,1967|1968,SE,NYG
 Richardson,Willie,1967|1968,FL,BAL
 Smith,Jerry,1967|1969,TE,WAS
 Whitsell,Dave,1967,LCB,NOR
 Chandler,Don,1967,K,GNB
 Barney,Lem,1967|1968|1969|1972|1973|1975|1976,LCB/P|KR/LCB/PR|LCB/P/PR|LCB/PR|LCB,DET
 Miller,Fred,1967|1968|1969,LDT|RDT,BAL
 Johnson,Walter,1967|1968|1969,LDT,CLE
 Volk,Rick,1967|1969|1971,RS|FS/PR,BAL
 Jordan,Lee Roy,1967|1968|1969|1973|1974,MLB,DAL
 Farr,Mel,1967|1970,FB,DET
 Koy,Ernie,1967,HB/P,NYG
 Woodson,Marv,1967,LCB,PIT
 Casey,Bernie,1967,FL,RAM
 Gabriel,Roman,1967|1968|1969|1973,QB,RAM|PHI
 Josephson,Les,1967,HB,RAM
 Mack,Tom,1967|1968|1969|1970|1971|1972|1973|1974|1975|1977|1978,LG,RAM
 Snow,Jack,1967,SE,RAM
 Eller,Carl,1968|1969|1970|1971|1973|1974,LDE,MIN
 McNeil,Clifton,1968,FL,SFO
 Curtis,Mike,1968|1970|1971|1974,LLB|MLB,BAL
 Jefferson,Roy,1968|1969|1971,PR/SE|SE,PIT|WAS
 Cowan,Charlie,1968|1969|1970,RT|LT,RAM
 Dale,Carroll,1968|1969|1970,FL|WR,GNB
 Morin,Milt,1968|1971,TE,CLE
 Hoak,Dick,1968,HB,PIT
 Alexander,Kermit,1968,KR/PR/RCB,SFO
 Marshall,Jim,1968|1969,RDE,MIN
 Page,Alan,1968|1969|1970|1971|1972|1973|1974|1975|1976,RDT,MIN
 Woodeshick,Tom,1968,FB,PHI
 Russell,Andy,1968|1970|1971|1972|1973|1974|1975,RLB,PIT
 Kellermann,Ernie,1968,LS,CLE
 Matte,Tom,1968|1969,HB,BAL
 Brumm,Don,1968,LDE,STL
 Rowe,Bob,1968,RDT,STL
 Niland,John,1968|1969|1970|1971|1972|1973,LG,DAL
 Sanders,Charlie,1968|1969|1970|1971|1974|1975|1976,TE,DET
 Anderson,Donny,1968,HB/P,GNB
 Larson,Greg,1968,C,NYG
 Carollo,Joe,1968,LT,RAM
 Scibelli,Joe,1968,RG,RAM
 Hill,Calvin,1969|1972|1973|1974,HB|RB,DAL
 Washington,Gene,1969|1970|1971|1972,WR|SE,MIN|SFO
 Gillingham,Gale,1969|1970|1971|1973|1974,RG,GNB
 Johnson,Jimmy,1969|1970|1971|1972|1974,LCB,SFO
 Dempsey,Tom,1969,K,NOR
 Gregory,Jack,1969|1972,RDE,CLE|NYG
 Greene,Joe,1969|1970|1971|1972|1973|1974|1975|1976|1978|1979,LDT,PIT
 Berry,Bob,1969,QB,ATL
 Brezina,Greg,1969,RLB,ATL
 Butler,Cannonball,1969,FB,ATL
 Etter,Bob,1969,K,ATL
 Kunz,George,1969|1971|1972|1973|1974|1975|1976|1977,RT,ATL|BAL
 Mitchell,Jim,1969|1972,TE,ATL
 Reaves,Ken,1969,LCB,ATL
 Hoaglin,Fred,1969,C,CLE
 Nelsen,Bill,1969,QB,CLE
 Flanagan,Ed,1969|1970|1971|1973,C,DET
 Kapp,Joe,1969,QB,MIN
 Larsen,Gary,1969|1970,LDT,MIN
 Baker,Tony,1969,FB,NOR
 Kupp,Jake,1969,LG,NOR
 Livingston,Andy,1969,HB,NOR
 Williams,Willie,1969,RCB,NYG
 Jackson,Harold,1969|1972|1973|1975|1977,FL|WR,PHI|RAM
 Lloyd,Dave,1969,MLB,PHI
 Rossovich,Tim,1969,LDE,PHI
 Walden,Bobby,1969,P,PIT
 Collett,Elmer,1969,LG,SFO
 Brown,Larry,1969|1970|1971|1972|1982,HB|RB|RT,WAS|PIT
 Gordon,Dick,1970|1971,WR,CHI
 Bell,Bobby,1970|1971|1972,LLB,KAN
 Robinson,Johnny,1970,FS,KAN
 Tyrer,Jim,1970|1971,LT,KAN
 Jackson,Rich,1970,LDE,DEN
 Johnson,Ron,1970|1972,RB,NYG
 Marsalis,Jim,1970,LCB,KAN
 Otto,Jim,1970|1971|1972,C,OAK
 Brown,Willie,1970|1971|1972|1973,RCB,OAK
 Stenerud,Jan,1970|1971|1975|1984,K,KAN|MIN
 Wehrli,Roger,1970|1971|1974|1975|1976|1977|1979,RCB,STL
 Lanier,Willie,1970|1971|1972|1973|1974|1975,MLB,KAN
 Briscoe,Marlin,1970,WR,BUF
 Lane,MacArthur,1970,RB,STL
 Little,Floyd,1970|1971|1973,RB,DEN
 Sweeney,Walt,1970|1971|1972,RG,SDG
 Hill,Winston,1970|1971|1972|1973,LT|RT,NYJ
 Elliott,John,1970,RDT,NYJ
 Wells,Warren,1970,WR,OAK
 Lamonica,Daryle,1970|1972,QB,OAK
 Humphrey,Claude,1970|1971|1972|1973|1974|1977,LDE,ATL
 Trumpy,Bob,1970|1973,TE,CIN
 Smith,Bubba,1970|1971,LDE,BAL
 Naumoff,Paul,1970,LLB,DET
 Budde,Ed,1970|1971,LG,KAN
 Cox,Fred,1970,K,MIN
 Dixon,Hewritt,1970,FB,OAK
 Houston,Ken,1970|1971|1972|1973|1974|1975|1976|1977|1978|1979,SS|PR/SS,HOU|WAS
 Biletnikoff,Fred,1970|1971|1973|1974,WR,OAK
 Buchanan,Buck,1970|1971,RDT,KAN
 Csonka,Larry,1970|1971|1972|1973|1974,FB,MIA
 Griese,Bob,1970|1971|1973|1974|1977|1978,QB,MIA
 Schuh,Harry,1970,RT,OAK
 Stallings,Larry,1970,LLB,STL
 Carr,Fred,1970|1972|1975,RLB,GNB
 Mays,Jerry,1970,LDE,KAN
 Chester,Raymond,1970|1971|1972|1979,TE,OAK
 Garrison,Gary,1970|1971|1972,WR,SDG
 Green,Bobby Joe,1970,P,CHI
 Turner,Cecil,1970,,CHI
 Parrish,Lemar,1970|1971|1974|1975|1976|1977|1979|1980,KR/LCB/PR|LCB/PR|LCB,CIN|WAS
 Wilson,Jerrel,1970|1971|1972,P,KAN
 Kassulke,Karl,1970,SS,MIN
 Osborn,Dave,1970,RB,MIN
 Morris,Jon,1970,C,BOS
 Moore,Zeke,1970,RCB,HOU
 Rohde,Len,1970,LT,SFO
 Hendricks,Ted,1971|1972|1973|1974|1980|1981|1982|1983,RLB|LLB|LOLB,BAL|GNB|OAK|RAI
 Brockington,John,1971|1972|1973,FB,GNB
 Taylor,Otis,1971|1972,WR,KAN
 Yary,Ron,1971|1972|1973|1974|1975|1976|1977,RT,MIN
 Little,Larry,1971|1972|1973|1974,RG,MIA
 Bradley,Bill,1971|1972|1973,FS/PR|FS/P/PR,PHI
 Blue,Forrest,1971|1972|1973|1974,C,SFO
 Wright,Rayfield,1971|1972|1973|1974|1975|1976,RT,DAL
 Knight,Curt,1971,K,WAS
 Staubach,Roger,1971|1975|1976|1977|1978|1979,QB,DAL
 Curry,Bill,1971|1972,C,BAL
 Thomas,Emmitt,1971|1972|1974|1975,RCB,KAN
 Scott,Jake,1971|1972|1973|1974|1975,FS/PR|SS|PR/SS|FS,MIA
 Grim,Bob,1971,WR,MIN
 Robertson,Isiah,1971|1973|1974|1975|1976|1977,RLB,RAM
 Lucci,Mike,1971,MLB,DET
 Owens,Steve,1971,FB,DET
 Bethea,Elvin,1971|1972|1973|1974|1975|1978|1979,RDE,HOU
 Widby,Ron,1971,P,DAL
 Landry,Greg,1971,QB,DET
 Stanfill,Bill,1971|1972|1973|1974,RDE,MIA
 Kwalick,Ted,1971|1972|1973,TE,SFO
 Hardman,Cedrick,1971|1975,RDE,SFO
 Bulaich,Norm,1971,FB,BAL
 Culp,Curley,1971|1975|1976|1977|1978,LDT|NT,KAN|HOU
 Dawson,Len,1971,QB,KAN
 Ellison,Willie,1971,RB,RAM
 Morris,Mercury,1971|1972|1973,KR|KR/RB,MIA
 Hubbard,Marv,1971|1972|1973,FB,OAK
 Taylor,Bruce,1971,PR/RCB,SFO
 Washington,Vic,1971,KR/RB,SFO
 Duncan,Speedy,1971,KR,WAS
 Marcol,Chester,1972|1974,K,GNB
 Namath,Joe,1972,QB,NYJ
 Simpson,O.J.,1972|1973|1974|1975|1976,RB,BUF
 Reid,Mike,1972|1973,LDT,CIN
 Anderson,Dick,1972|1973|1974,FS|SS,MIA
 Upshaw,Gene,1972|1973|1974|1975|1976|1977,LG,OAK
 Gerela,Roy,1972|1974,K,PIT
 James,Robert,1972|1973|1974,LCB,BUF
 Buoniconti,Nick,1972|1973,MLB,MIA
 Harris,Franco,1972|1973|1974|1975|1976|1977|1978|1979|1980,RB|FB,PIT
 Chapple,Dave,1972,P,RAM
 Kilmer,Billy,1972,QB,WAS
 White,Dwight,1972|1973,RDE,PIT
 Freitas,Rocky,1972,RT,DET
 Smith,Paul,1972|1973,RDT|LDT,DEN
 Brown,Robert,1972,RDT,GNB
 Gilliam,John,1972|1973|1974|1975,KR/WR|WR,MIN
 Caster,Rich,1972|1974|1975,TE,NYJ
 Shell,Art,1972|1973|1974|1975|1976|1977|1978|1980,LT,OAK
 Bacon,Coy,1972|1976|1977,RDE,RAM|CIN
 Peoples,Woody,1972|1973,RG,SFO
 Hill,J.D.,1972,WR,BUF
 Smith,Ron,1972,KR/PR/SS,CHI
 Myers,Chip,1972,WR,CIN
 Davis,Ben,1972,RCB,CLE
 Laird,Bruce,1972,KR/PR,BAL
 Garrison,Walt,1972,FB,DAL
 Evans,Norm,1972|1974,RT,MIA
 Hadl,John,1972|1973,QB,SDG|RAM
 Yepremian,Garo,1973|1978,K,MIA
 Young,Charle,1973|1974|1975,TE,PHI
 Guy,Ray,1973|1974|1975|1976|1977|1978|1980,P,OAK
 Carmichael,Harold,1973|1978|1979|1980,WR,PHI
 Odoms,Riley,1973|1974|1975|1978,TE,DEN
 Langer,Jim,1973|1974|1975|1976|1977|1978,C,MIA
 Ham,Jack,1973|1974|1975|1976|1977|1978|1979|1980,LLB,PIT
 Ellis,Ken,1973|1974,RCB,GNB
 Mike-Mayer,Nick,1973,K,ATL
 Wittum,Tom,1973|1974,P,SFO
 Rudnay,Jack,1973|1974|1975|1976,C,KAN
 Scott,Clarence,1973,LCB,CLE
 Greenwood,L.C.,1973|1974|1975|1976|1978|1979,LDE,PIT
 Stabler,Ken,1973|1974|1976|1977,QB,OAK
 Shanklin,Ron,1973,WR,PIT
 Tatum,Jack,1973|1974|1975,FS,OAK
 Youngblood,Jack,1973|1974|1975|1976|1977|1978|1979,LDE,RAM
 Zook,John,1973,RDE,ATL
 McCutcheon,Lawrence,1973|1974|1975|1976|1977,RB,RAM
 Curtis,Isaac,1973|1974|1975|1976,WR,CIN
 Siemon,Jeff,1973|1975|1976|1977,MLB,MIN
 Van Dyke,Bruce,1973,RG,PIT
 Villapiano,Phil,1973|1974|1975|1976,LLB|LOLB,OAK
 Foley,Dave,1973,LT,BUF
 Chambers,Wally,1973|1975|1976,RDT,CHI
 Pruitt,Greg,1973|1974|1976|1977|1983,KR/PR|PR/RB|RB,CLE|RAI
 Sherk,Jerry,1973|1974|1975|1976,RDT,CLE
 Moses,Haven,1973,WR,DEN
 Carter,Jim,1973,MLB,GNB
 Moore,Wayne,1973,LT,MIA
 Foreman,Chuck,1973|1974|1975|1976|1977,FB|RB,MIN
 Barkum,Jerome,1973,WR,NYJ
 Bertelsen,Jim,1973,FB/PR,RAM
 Mul-Key,Herb,1973,KR,WAS
 Branch,Cliff,1974|1975|1976|1977,WR,OAK
 Pearson,Drew,1974|1976|1977,WR,DAL
 Armstrong,Otis,1974|1976,FB/KR/RB|RB,DEN
 Bergey,Bill,1974|1976|1977|1978,MLB|LILB,PHI
 Hart,Jim,1974|1975|1976|1977,QB,STL
 Gray,Mel,1974|1975|1976|1977|1990|1991|1992|1994,WR|KR/PR,STL|DET
 Harris,Cliff,1974|1975|1976|1977|1978|1979,FS/PR|FS,DAL
 Washington,Russ,1974|1975|1977|1978|1979,RT,SDG
 Sistrunk,Otis,1974,LDT,OAK
 Kuechenberg,Bob,1974|1975|1977|1978|1982|1983,LG|LG/LT,MIA
 Dierdorf,Dan,1974|1975|1976|1977|1978|1980,RT,STL
 Metcalf,Terry,1974|1975|1977,KR/PR/RB,STL
 Van Note,Jeff,1974|1975|1979|1980|1981|1982,C,ATL
 Casanova,Tommy,1974|1976|1977,FS/PR|SS,CIN
 Nye,Blaine,1974|1976,RG,DAL
 Jauron,Dick,1974,FS/PR,DET
 Buchanon,Willie,1974|1978,LCB,GNB
 Harris,James,1974,QB,RAM
 Talbert,Diron,1974,RDT,WAS
 Blount,Mel,1975|1976|1978|1979|1981,RCB,PIT
 DeLamielleure,Joe,1975|1976|1977|1978|1979|1980,RG,BUF|CLE
 Lambert,Jack,1975|1976|1977|1978|1979|1980|1981|1982|1983,MLB|RILB,PIT
 Swann,Lynn,1975|1977|1978,WR,PIT
 White,Ed,1975|1976|1977|1979,RG,MIN|SDG
 Anderson,Ken,1975|1976|1981|1982,QB,CIN
 Dutton,John,1975|1976|1977,RDE,BAL
 James,John,1975|1976|1977,P,ATL
 Johnson,Billy,1975|1977|1983,KR/PR/WR|KR/PR|PR,HOU|ATL
 Dobler,Conrad,1975|1976|1977,RG,STL
 Dryer,Fred,1975,RDE,RAM
 Banks,Tom,1975|1976|1977|1978,C,STL
 Wagner,Mike,1975|1976,SS,PIT
 Bryant,Bobby,1975|1976,PR/RCB|DB,MIN
 Mitchell,Lydell,1975|1976|1977,RB,BAL
 Riggins,John,1975,FB,NYJ
 Bradshaw,Terry,1975|1978|1979,QB,PIT
 Edwards,Glen,1975|1976,FS/PR|FS,PIT
 Otis,Jim,1975,FB,STL
 Gradishar,Randy,1975|1977|1978|1979|1981|1982|1983,MLB|RILB|LILB,DEN
 Odom,Steve,1975,KR/WR,GNB
 Burrough,Ken,1975|1977,WR,HOU
 Pastorini,Dan,1975,P/QB,HOU
 Boryla,Mike,1975,QB,PHI
 Reynolds,Jack,1975|1980,MLB,RAM
 Casper,Dave,1976|1977|1978|1979|1980,TE,OAK
 Jackson,Monte,1976|1977,RCB,RAM
 Payton,Walter,1976|1977|1978|1979|1980|1983|1984|1985|1986,RB,CHI
 Hannah,John,1976|1978|1979|1980|1981|1982|1983|1984|1985,LG,NWE
 Hart,Tommy,1976,LDE,SFO
 Jones,Bert,1976,QB,BAL
 Brazile,Robert,1976|1977|1978|1979|1980|1981|1982,ROLB,HOU
 Upchurch,Rick,1976|1978|1979|1982,KR/PR/WR|PR|PR/WR,DEN
 Haynes,Mike,1976|1977|1978|1979|1980|1982|1984|1985|1986,PR/RCB|RCB|LCB,NWE|RAI
 Carr,Roger,1976,WR,BAL
 Linhart,Toni,1976|1977,K,BAL
 DuPree,Billy Joe,1976|1977|1978,TE,DAL
 White,Sammy,1976|1977,WR,MIN
 Francis,Russ,1976|1977|1978,TE,NWE
 Brown,Eddie,1976|1977|1988,KR/PR|WR,WAS|CIN
 Van Pelt,Brad,1976|1977|1978|1979|1980,LLB|LOLB,NYG
 Martin,Harvey,1976|1977|1978|1979,RDE,DAL
 Joiner,Charlie,1976|1979|1980,WR,SDG
 Elam,Cleveland,1976|1977,RDT,SFO
 Gray,Leon,1976|1978|1979|1981,LT,NWE|HOU
 Brooks,Larry,1976|1977|1978|1979|1980,LDT,RAM
 Thomas,Mike,1976,RB,WAS
 LeClair,Jim,1976,MLB,CIN
 Waters,Charlie,1976|1977|1978,SS,DAL
 Thomas,J.T.,1976,LCB,PIT
 Jessie,Ron,1976,WR,RAM
 Saul,Rich,1976|1977|1978|1979|1980|1981,C,RAM
 Washington,Dave,1976,RLB,SFO
 Williams,Delvin,1976|1978,RB,SFO|MIA
 Herrera,Efren,1977,K,DAL
 Lawrence,Rolland,1977,LCB/PR,ATL
 Alzado,Lyle,1977|1978,RDE,DEN
 Jackson,Tom,1977|1978|1979,ROLB,DEN
 Moore,Nat,1977,WR,MIA
 Kelcher,Louie,1977|1978|1980,LDT,SDG
 Thompson,Bill,1977|1978|1981,SS,DEN
 White,Randy,1977|1978|1979|1980|1981|1982|1983|1984|1985,RDT,DAL
 Wright,Louis,1977|1978|1979|1983|1985,LCB,DEN
 Fugett,Jean,1977,TE,WAS
 Barnes,Mike,1977,LDT,BAL
 Blair,Matt,1977|1978|1979|1980|1981|1982,LLB|LOLB,MIN
 Greene,Tony,1977,FS,BUF
 Ellis,Allan,1977,LCB,CHI
 Haden,Pat,1977,QB,RAM
 Dalby,Dave,1977,C,OAK
 France,Doug,1977|1978,LT,RAM
 Campbell,Earl,1978|1979|1980|1981|1983,RB,HOU
 Webster,Mike,1978|1979|1980|1981|1982|1983|1984|1985|1987,C,PIT
 Walker,Wesley,1978|1982,WR,NYJ
 Darden,Thom,1978,FS,CLE
 Baker,Al,1978|1979|1980,RDE,DET
 Corral,Frank,1978,K,RAM
 Green,Tony,1978,KR/PR,WAS
 Thomas,Pat,1978|1980,LCB,RAM
 Young,Bob,1978|1979,LG,STL
 Manning,Archie,1978|1979,QB,NOR
 Harrah,Dennis,1978|1979|1980|1985|1986|1987,RG,RAM
 Largent,Steve,1978|1979|1981|1984|1985|1986|1987,WR,SEA
 Carson,Harry,1978|1979|1981|1982|1983|1984|1985|1986|1987,MLB|RILB,NYG
 Montgomery,Wilbert,1978|1979,RB,PHI
 Middleton,Terdell,1978,RB,GNB
 Rashad,Ahmad,1978|1979|1980|1981,WR,MIN
 Perry,Rod,1978|1980,RCB,RAM
 Dorsett,Tony,1978|1981|1982|1983,RB,DAL
 Hill,Tony,1978|1979|1985,WR,DAL
 Walters,Stan,1978|1979,LT,PHI
 Jennings,Dave,1978|1979|1980|1982,P,NYG
 Jefferson,John,1978|1979|1980|1982,WR,SDG|GNB
 Shell,Donnie,1978|1979|1980|1981|1982,SS,PIT
 English,Doug,1978|1981|1982|1983,RDT,DET
 Cunningham,Sam,1978,FB,NWE
 Pear,Dave,1978,NT,TAM
 Henderson,Thomas,1978,LLB,DAL
 Hill,David,1978|1979,TE,DET
 Johnson,Ezra,1978,RDE,GNB
 Lofton,James,1978|1980|1981|1982|1983|1984|1985|1991,WR,GNB|BUF
 Jones,Cody,1978,RDT,RAM
 Reinfeldt,Mike,1979,FS,HOU
 Stallworth,John,1979|1982|1984,WR,PIT
 Fouts,Dan,1979|1980|1981|1982|1983|1985,QB,SDG
 Selmon,Lee Roy,1979|1980|1981|1982|1983|1984,RDE,TAM
 Powell,Marvin,1979|1980|1981|1982|1983,RT,NYJ
 Grupp,Bob,1979,P,KAN
 Fritsch,Toni,1979,K,HOU
 Anderson,Ottis,1979|1980,RB,STL
 Moseley,Mark,1979|1982,K,WAS
 Johnson,Charlie,1979|1980|1981,NT,PHI
 Myers,Tom,1979,FS,NOR
 Pruitt,Mike,1979|1980,FB,CLE
 Donovan,Pat,1979|1980|1981|1982,LT,DAL
 Dean,Fred,1979|1980|1981|1983,RDE|DE,SDG|SFO
 Baumhower,Bob,1979|1981|1982|1983|1984,NT,MIA
 Scott,Herbert,1979|1980|1981,LG,DAL
 Henry,Wally,1979,KR/PR,PHI
 Childs,Henry,1979,TE,NOR
 Youngblood,Jim,1979,LLB,RAM
 Breunig,Bob,1979|1980|1982,MLB,DAL
 Foley,Tim,1979,SS,MIA
 Chandler,Wes,1979|1982|1983|1985,WR,NOR|SDG
 Muncie,Chuck,1979|1981|1982,RB,NOR|SDG
 Sisemore,Jerry,1979|1981,RT,PHI
 Johnson,Gary,1979|1980|1981|1982,RDT,SDG
 Lavender,Joe,1979|1980,RCB,WAS
 DeLeone,Tom,1979|1980,C,CLE
 Washington,Joe,1979,RB,BAL
 Bokamper,Kim,1979,LOLB,MIA
 Morgan,Stanley,1979|1980|1986|1987,PR/WR|WR,NWE
 Kenn,Mike,1980|1981|1982|1983|1984,LT,ATL
 Sipe,Brian,1980,QB,CLE
 Hayes,Lester,1980|1981|1982|1983|1984,LCB,OAK|RAI
 Cromwell,Nolan,1980|1981|1982|1983,FS|SS,RAM
 Winslow,Kellen,1980|1981|1982|1983|1987|2007,TE,SDG|CLE
 Still,Art,1980|1981|1982|1984,LDE,KAN
 Smith,J.T.,1980|1988,PR/WR|WR,KAN|PHO
 Murray,Eddie,1980|1989,K,DET
 Nelson,Steve,1980|1984|1985,LILB,NWE
 Smith,John,1980,K,NWE
 Smerlas,Fred,1980|1981|1982|1983|1988,NT,BUF
 Hill,Kent,1980|1982|1983|1984|1985,LG,RAM
 Fencik,Gary,1980|1981,SS,CHI
 Sims,Billy,1980|1981|1982,RB,DET
 Barbaro,Gary,1980|1981|1982,FS,KAN
 Miller,Junior,1980|1981,TE,ATL
 Cribbs,Joe,1980|1981|1983,PR/RB|RB,BUF
 Jaworski,Ron,1980,QB,PHI
 Hampton,Dan,1980|1982|1984|1985,LDE|RDT|LDE/RDT,CHI
 Bartkowski,Steve,1980|1981,QB,ATL
 Wilkerson,Doug,1980|1981|1982,LG,SDG
 Andrews,William,1980|1981|1982|1983,FB|RB,ATL
 Dieken,Doug,1980,LT,CLE
 Tilley,Pat,1980,WR,STL
 Stemrick,Greg,1980,RCB,HOU
 King,Kenny,1980,RB,OAK
 Giles,Jimmie,1980|1981|1982|1985,TE,TAM
 Nelms,Mike,1980|1981|1982,KR/PR,WAS
 Jenkins,Alfred,1980|1981,WR,ATL
 Butler,Jerry,1980,WR,BUF
 Adams,Julius,1980,RDE,NWE
 Fox,Tim,1980,FS,NWE
 Lewis,Dave,1980,LOLB,TAM
 Munoz,Anthony,1981|1982|1983|1984|1985|1986|1987|1988|1989|1990|1991,LT,CIN
 Taylor,Lawrence,1981|1982|1983|1984|1985|1986|1987|1988|1989|1990,ROLB|RILB/ROLB,NYG
 Klecko,Joe,1981|1983|1984|1985,RDE|LDT|NT,NYJ
 Lott,Ronnie,1981|1982|1983|1984|1986|1987|1988|1989|1990|1991,LCB|FS|SS,SFO|RAI
 Septien,Rafael,1981,K,DAL
 McInally,Pat,1981,P,CIN
 Cross,Randy,1981|1982|1984,RG,SFO
 Swenson,Bob,1981,LOLB,DEN
 Skladany,Tom,1981,P,DET
 Rogers,George,1981|1982,RB,NOR
 Watson,Steve,1981,WR,DEN
 Hicks,Dwight,1981|1982|1983|1984,FS,SFO
 Jones,Too Tall,1981|1982|1983,LDE,DAL
 Lowery,Nick,1981|1990|1992,K,KAN
 Robinson,Jerry,1981,ROLB,PHI
 Gastineau,Mark,1981|1982|1983|1984|1985,LDE,NYJ
 Montana,Joe,1981|1983|1984|1985|1987|1989|1990|1993,QB,SFO|KAN
 Lewis,Frank,1981,WR,BUF
 Green,Gary,1981|1982|1983|1985,LCB,KAN|RAM
 Senser,Joe,1981,TE,MIN
 Delaney,Joe,1981,RB,KAN
 Young,Roynell,1981,LCB,PHI
 Roaches,Carl,1981,PR,HOU
 Newman,Ed,1981|1982|1983|1984,RG,MIA
 Collinsworth,Cris,1981|1982|1983,WR,CIN
 Fields,Joe,1981|1982,C,NYJ
 Johnson,Pete,1981,FB,CIN
 Newsome,Ozzie,1981|1984|1985,TE,CLE
 Clark,Dwight,1981|1982,WR,SFO
 Thielemann,R.C.,1981|1982|1983,RG|LG,ATL
 Walls,Everson,1981|1982|1983|1985,LCB,DAL
 LeMaster,Frank,1981,RILB,PHI
 McNeil,Freeman,1982|1984|1985,RB,NYJ
 Allen,Marcus,1982|1984|1985|1986|1987|1993,RB,RAI|KAN
 Haynes,Mark,1982|1983|1984,LCB,NYG
 Green,Hugh,1982|1983,ROLB,TAM
 Easley,Kenny,1982|1983|1984|1985|1987,SS|PR/SS,SEA
 Prestridge,Luke,1982,P,DEN
 Theismann,Joe,1982|1983,QB,WAS
 McCarren,Larry,1982|1983,C,GNB
 Benirschke,Rolf,1982,K,SDG
 Peters,Tony,1982,SS,WAS
 Williams,Ben,1982,LDE,BUF
 Ross,Dan,1982,TE,CIN
 White,Danny,1982,P/QB,DAL
 Brown,Charlie,1982|1983,WR,WAS
 Banks,Chip,1982|1983|1985|1986,LOLB,CLE
 Dorney,Keith,1982,RT,DET
 Coffman,Paul,1982|1983|1984,TE,GNB
 Franklin,Andra,1982,FB,MIA
 Harrison,Dennis,1982,LDE,PHI
 Green,Roy,1983|1984,WR,STL
 Betters,Doug,1983,LDE,MIA
 Haji-Sheikh,Ali,1983,K,NYG
 Christensen,Todd,1983|1984|1985|1986|1987,TE,RAI
 Dickerson,Eric,1983|1984|1986|1987|1988|1989,RB,RAM|IND
 Jacoby,Joe,1983|1984|1985|1986,LT,WAS
 Camarillo,Rich,1983|1989|1991|1992|1993,P,NWE|PHO
 Murphy,Mark,1983,FS,WAS
 Grimm,Russ,1983|1984|1985|1986,LG,WAS
 Long,Howie,1983|1984|1985|1986|1987|1989|1992|1993,LDE,RAI
 Butz,Dave,1983,LDT,WAS
 Stephenson,Dwight,1983|1984|1985|1986|1987,C,MIA
 Quick,Mike,1983|1984|1985|1986|1987,WR,PHI
 Martin,Rod,1983|1984,ROLB,RAI
 Singletary,Mike,1983|1984|1985|1986|1987|1988|1989|1990|1991|1992,MLB,CHI
 Cherry,Deron,1983|1984|1985|1986|1987|1988,FS,KAN
 Marino,Dan,1983|1984|1985|1986|1987|1991|1992|1994|1995,QB,MIA
 Clayborn,Raymond,1983|1985|1986,RCB,NWE
 Anderson,Gary,1983|1985|1986|1993|1998,K|KR/PR/RB,PIT|SDG|MIN
 Warner,Curt,1983|1986|1987,RB,SEA
 Birdsong,Carl,1983,P,STL
 Bostic,Jeff,1983,C,WAS
 Slater,Jackie,1983|1985|1986|1987|1988|1989|1990,RT,RAM
 Hinton,Chris,1983|1985|1986|1987|1988|1989|1991,LG|LT|RT,BAL|IND|ATL
 Jackson,Rickey,1983|1984|1985|1986|1992|1993,LOLB,NOR
 Carson,Carlos,1983|1987,WR,KAN
 Holloway,Brian,1983|1984|1985,LT,NWE
 McElroy,Vann,1983|1984,FS,RAI
 Duper,Mark,1983|1984|1986,WR,MIA
 Collins,Tony,1983,RB,NWE
 Lawrence,Henry,1983|1984,RT,RAI
 Cosbie,Doug,1983|1984|1985,TE,DAL
 Kenney,Bill,1983,QB,KAN
 Roby,Reggie,1984|1989|1994,P,MIA|WAS
 Johnson,Norm,1984|1993,K,SEA|ATL
 Monk,Art,1984|1985|1986,WR,WAS
 Fahnhorst,Keith,1984,RT,SFO
 Junior,E.J.,1984|1985,MLB/RLB|MLB,STL
 Nash,Joe,1984,NT,SEA
 Lipps,Louis,1984|1985,PR/WR,PIT
 Ellard,Henry,1984|1988|1989,PR/WR|WR,RAM
 Dent,Richard,1984|1985|1990|1993,RDE,CHI
 Merriweather,Mike,1984|1985|1986,LOLB,PIT
 Bell,Todd,1984,SS,CHI
 Young,Fredd,1984|1985|1986|1987,LILB,SEA
 Quillan,Fred,1984|1985,C,SFO
 Clayton,Mark,1984|1985|1986|1988|1991,WR,MIA
 Munchak,Mike,1984|1985|1987|1988|1989|1990|1991|1992|1993,LG,HOU
 Tippett,Andre,1984|1985|1986|1987|1988,LOLB,NWE
 Jackson,Earnest,1984|1986,RB|FB,SDG|PIT
 Wright,Eric,1984|1985,RCB,SFO
 Bates,Bill,1984,DB,DAL
 Wilder,James,1984,RB,TAM
 Brown,Dave,1984,RCB,SEA
 Lomax,Neil,1984|1987,QB,STL
 Winder,Sammy,1984|1986,RB,DEN
 Hansen,Brian,1984,P,NOR
 Cole,Robin,1984,RILB,PIT
 Krieg,Dave,1984|1988|1989,QB,SEA
 Turner,Keena,1984,ROLB,SFO
 Bell,Greg,1984,RB,BUF
 Duhe,A.J.,1984,LILB,MIA
 Clark,Bruce,1984,LDE,NOR
 Smith,Doug,1984|1985|1986|1987|1988|1989,C,RAM
 Tyler,Wendell,1984,RB,SFO
 Williamson,Carlton,1984|1985,SS,SFO
 Green,Darrell,1984|1986|1987|1990|1991|1996|1997,LCB|RCB,WAS
 Covert,Jimbo,1985|1986,LT,CHI
 Hopkins,Wes,1985,FS,PHI
 Mecklenburg,Karl,1985|1986|1987|1989|1991|1993,LILB,DEN
 Hatcher,Dale,1985,P,RAM
 Brown,Ron,1985,KR/WR,RAM
 Jones,Rulon,1985|1986,RDE,DEN
 Stark,Rohn,1985|1986|1990|1992,P,IND
 Andersen,Morten,1985|1986|1987|1988|1990|1992|1995,K,NOR|ATL
 Golic,Bob,1985|1986|1987,NT,CLE
 Collins,Jim,1985,RILB,RAM
 Marshall,Leonard,1985|1986,RDE,NYG
 Mehl,Lance,1985,RILB,NYJ
 Riggs,Gerald,1985|1986|1987,RB,ATL
 Wilson,Otis,1985,LLB,CHI
 Hilgenberg,Jay,1985|1986|1987|1988|1989|1990|1991,C,CHI
 Foster,Roy,1985|1986,LG,MIA
 Craig,Roger,1985|1987|1988|1989,FB|FB/RB|RB,SFO
 Irvin,LeRoy,1985|1986,RCB,RAM
 McMahon,Jim,1985,QB,CHI
 Smith,Dennis,1985|1986|1989|1990|1991|1993,SS,DEN
 Browner,Joey,1985|1986|1987|1988|1989|1990,SS,MIN
 Fryar,Irving,1985|1993|1994|1996|1997,PR/WR|WR,NWE|MIA|PHI
 Marion,Fred,1985,FS,NWE
 Morris,Joe,1985|1986,RB,NYG
 Carter,Michael,1985|1987|1988,NT,SFO
 Duerson,Dave,1985|1986|1987|1988,SS|FS,CHI
 Mack,Kevin,1985|1987,FB,CLE
 Matthews,Clay,1985|1987|1988|1989|2009|2010|2011|2012|2014|2015,ROLB|LLB|OLB|MLB,CLE|GNB
 James,Craig,1985,FB,NWE
 Simms,Phil,1985|1993,QB,NYG
 O'Brien,Ken,1985|1991,QB,NYJ
 Dixon,Hanford,1986|1987|1988,RCB,CLE
 Rice,Jerry,1986|1987|1988|1989|1990|1991|1992|1993|1994|1995|1996|1998|2002,WR,SFO|OAK
 Manley,Dexter,1986,RDE,WAS
 Marshall,Wilber,1986|1987|1992,RLB|LLB,CHI|WAS
 Bavaro,Mark,1986|1987,TE,NYG
 Landeta,Sean,1986|1990,P,NYG
 Toon,Al,1986|1987|1988,WR,NYJ
 Fralic,Bill,1986|1987|1988|1989,RG,ATL
 Edmonds,Bobby Joe,1986,KR/PR,SEA
 White,Reggie,1986|1987|1988|1989|1990|1991|1992|1993|1994|1995|1996|1997|1998,LDE/RDT|LDE,PHI|GNB
 McMichael,Steve,1986|1987,LDT,CHI
 Maas,Bill,1986|1987,NT,KAN
 Tatupu,Mosi,1986,FB,NWE
 Offerdahl,John,1986|1987|1988|1989|1990,RILB|LILB,MIA
 Kramer,Tommy,1986,QB,MIN
 Franklin,Tony,1986,K,NWE
 Gray,Jerry,1986|1987|1988|1989,LCB,RAM
 Clark,Gary,1986|1987|1990|1991,WR,WAS
 Brooks,James,1986|1988|1989|1990,RB,CIN
 Montoya,Max,1986|1988|1989|1993,RG,CIN|RAI
 Risien,Cody,1986|1987,RT,CLE
 Sikahema,Vai,1986|1987,KR/PR,STL
 Burruss,Lloyd,1986,SS,KAN
 Burt,Jim,1986,NT,NYG
 Minnifield,Frank,1986|1987|1988|1989,LCB,CLE
 Donaldson,Ray,1986|1987|1988|1989|1995|1996,C,IND|DAL
 Bishop,Keith,1986|1987,LG,DEN
 Elway,John,1986|1987|1989|1991|1993|1994|1996|1997|1998,QB,DEN
 Jordan,Steve,1986|1987|1988|1989|1990|1991,TE,MIN
 Mayes,Rueben,1986|1987,RB,NOR
 Benson,Brad,1986,LT,NYG
 Shuler,Mickey,1986|1988,TE,NYJ
 Ekern,Carl,1986,LILB,RAM
 Schroeder,Jay,1986,QB,WAS
 Esiason,Boomer,1986|1988|1989|1993,QB,CIN|NYJ
 Wolfley,Ron,1986|1987|1988|1989,RB,STL|PHO
 Mosebar,Don,1986|1990|1991,C,RAI
 Green,Jacob,1986|1987,LDE,SEA
 Arnold,Jim,1987|1988,P,DET
 Smith,Bruce,1987|1988|1989|1990|1992|1993|1994|1995|1996|1997|1998,RDE,BUF
 White,Charles,1987,RB,RAM
 Zimmerman,Gary,1987|1988|1989|1992|1994|1995|1996,LT,MIN|DEN
 Banks,Carl,1987,LOLB,NYG
 Solt,Ron,1987,RG,IND
 Doleman,Chris,1987|1988|1989|1990|1992|1993|1995|1997,RDE,MIN|ATL|SFO
 Bostic,Keith,1987,SS,HOU
 Biasucci,Dean,1987,K,IND
 Bickett,Duane,1987,ROLB,IND
 Walker,Herschel,1987|1988,RB,DAL
 Mojsiejenko,Ralf,1987,P,SDG
 Waymer,Dave,1987,LCB,NOR
 Lachey,Jim,1987|1990|1991,LT,SDG|WAS
 Tasker,Steve,1987|1990|1991|1992|1993|1994|1995,KR|WR,BUF
 Krumrie,Tim,1987|1988,NT,CIN
 Mann,Charles,1987|1988|1989|1991,LDE,WAS
 Kosar,Bernie,1987,QB,CLE
 Sharpe,Luis,1987|1988|1989,LT,STL|PHO
 Lewis,Albert,1987|1988|1989|1990,LCB,KAN
 Carter,Anthony,1987|1988|1989,WR,MIN
 Edelman,Brad,1987,LG,NOR
 Rozier,Mike,1987|1988,RB,HOU
 Kelly,Jim,1987|1988|1990|1991|1992,QB,BUF
 McNeil,Gerald,1987,PR,CLE
 Studwell,Scott,1987|1988,MLB,MIN
 Brenner,Hoby,1987,TE,NOR
 Mills,Sam,1987|1988|1991|1992|1996,LILB,NOR|CAR
 Bennett,Cornelius,1988|1990|1991|1992|1993,LOLB,BUF
 Lee,Carl,1988|1989|1990,RCB|LCB,MIN
 Matthews,Bruce,1988|1989|1990|1991|1992|1993|1994|1995|1996|1997|1998|1999|2000|2001,RG|C|LG|C/LG/RG|G/LG|C/LG,HOU|TEN
 Jackson,Keith,1988|1989|1990|1992|1996,TE,PHI|MIA|GNB
 Newberry,Tom,1988|1989,LG,RAM
 Conlan,Shane,1988|1989|1990,LILB,BUF
 Horan,Mike,1988,P,DEN
 Norwood,Scott,1988,K,BUF
 Brown,Tim,1988|1991|1993|1994|1995|1996|1997|1999|2001,KR/PR/WR|PR|PR/WR|WR,RAI|OAK
 Taylor,John,1988|1989,PR|PR/WR,SFO
 Millard,Keith,1988|1989,RDT,MIN
 Childress,Ray,1988|1990|1991|1992|1993,LDE|LDT,HOU
 Fulcher,David,1988|1989|1990,SS,CIN
 Cunningham,Randall,1988|1989|1990|1998,QB,PHI|MIN
 Stephens,John,1988,RB,NWE
 Case,Scott,1988,RCB,ATL
 Hull,Kent,1988|1989|1990,C,BUF
 Ilkin,Tunch,1988|1989,RT,PIT
 Haley,Charles,1988|1990|1991|1994|1995,LOLB|RDE,SFO|DAL
 May,Mark,1988,RG/RT,WAS
 Cofer,Mike,1988,ROLB,DET
 Anderson,Neal,1988|1989|1990|1991,RB,CHI
 Bortz,Mark,1988|1990,LG,CHI
 Holman,Rodney,1988|1989|1990,TE,CIN
 Thomas,Eric,1988,RCB,CIN
 Hackett,Dino,1988,RILB,KAN
 Martin,Eric,1988,WR,NOR
 Rembert,Johnny,1988|1989,RILB|LOLB/RILB,NWE
 McMillan,Erik,1988|1989,FS,NYJ
 Hill,Drew,1988|1990,WR,HOU
 Moon,Warren,1988|1989|1990|1991|1992|1993|1994|1995|1997,QB,HOU|MIN|SEA
 Williams,Lee,1988|1989,LDE,SDG
 Settle,John,1988,FB,ATL
 Reed,Andre,1988|1989|1990|1991|1992|1993|1994,WR,BUF
 Sochia,Brian,1988,NT,MIA
 Wilson,Wade,1988,QB,MIN
 Kinard,Terry,1988,FS,NYG
 Grimsley,John,1988,LILB,HOU
 Millen,Matt,1988,LILB,RAI
 Porter,Rufus,1988|1989,LB,SEA
 Harris,Tim,1989,ROLB,GNB
 Sharpe,Sterling,1989|1990|1992|1993|1994,WR,GNB
 Okoye,Christian,1989|1991,FB,KAN
 Sanders,Barry,1989|1990|1991|1992|1993|1994|1995|1996|1997|1998,RB,DET
 Perry,Michael Dean,1989|1990|1991|1993|1994|1996,RDT,CLE|DEN
 Woodson,Rod,1989|1990|1991|1992|1993|1994|1996|1999|2000|2001|2002,KR/PR/RCB|KR/LCB/PR|LCB/PR|LCB|FS/S|FS,PIT|BAL|OAK
 Allen,Eric,1989|1991|1992|1993|1994|1995,RCB,PHI|NOR
 Greene,Kevin,1989|1994|1995|1996|1998,LOLB,RAM|PIT|CAR
 Thomas,Thurman,1989|1990|1991|1992|1993,RB,BUF
 Johnson,Vaughan,1989|1990|1991|1992,RILB,NOR
 McDonald,Tim,1989|1991|1992|1993|1994|1995,SS,PHO|SFO
 Ball,Jerry,1989|1990|1991,NT,DET
 Johnson,Mike,1989|1990,MLB,CLE
 Treadwell,David,1989,K,DEN
 Thomas,Derrick,1989|1990|1991|1992|1993|1994|1995|1996|1997,ROLB|RLB/ROLB|RLB|LOLB,KAN
 Meggett,Dave,1989|1996,KR/PR,NYG|NWE
 O'Neal,Leslie,1989|1990|1992|1993|1994|1995,ROLB|RDE,SDG
 Slaughter,Webster,1989|1993,WR,CLE|HOU
 McDaniel,Randall,1989|1990|1991|1992|1993|1994|1995|1996|1997|1998|1999|2000,LG|G/LG,MIN|TAM
 Miller,Anthony,1989|1990|1992|1993|1995,WR,SDG|DEN
 Kragen,Greg,1989,NT,DEN
 Hilliard,Dalton,1989,RB,NOR
 Swilling,Pat,1989|1990|1991|1992|1993,ROLB,NOR|DET
 Majkowski,Don,1989,QB,GNB
 Carrier,Mark,1989|1990|1991|1993,WR|FS,TAM|CHI
 Spielman,Chris,1989|1990|1991|1994,LILB,DET
 Ross,Kevin,1989|1990,RCB,KAN
 Edmunds,Ferrell,1989|1990,TE,MIA
 Blades,Brian,1989,WR,SEA
 Fullwood,Brent,1989,FB,GNB
 McIntyre,Guy,1989|1990|1991|1992|1993,LG,SFO
 Rypien,Mark,1989|1991,QB,WAS
 Rison,Andre,1990|1991|1992|1993|1997,WR,ATL|KAN
 Johnson,Pepper,1990|1994,RILB|MLB,NYG|CLE
 Wisniewski,Steve,1990|1991|1992|1993|1994|1995|1997|2000,LG,RAI|OAK
 Townsend,Greg,1990|1991,RDE,RAI
 Verdin,Clarence,1990|1992,PR/WR|KR/PR,IND
 Brown,Jerome,1990|1991,RDT,PHI
 Talley,Darryl,1990|1991,ROLB,BUF
 Thompson,Reyna,1990,DB,NYG
 Butts,Marion,1990|1991,RB,SDG
 Atwater,Steve,1990|1991|1992|1993|1994|1995|1996|1998,FS|SS,DEN
 Little,David,1990,RILB,PIT
 Brown,Lomas,1990|1991|1992|1993|1994|1995|1996,LT,DET|ARI
 Armstrong,Bruce,1990|1991|1994|1995|1996|1997,LT,NWE
 Givins,Ernest,1990|1992,WR,HOU
 Haddix,Wayne,1990,RCB,TAM
 Cross,Jeff,1990,RDE,MIA
 Webb,Richmond,1990|1991|1992|1993|1994|1995|1996,LT,MIA
 Oates,Bart,1990|1991|1993|1994|1995,C,NYG|SFO
 Jackson,Bo,1990,,RAI
 Byner,Earnest,1990|1991,RB,WAS
 Wolford,Will,1990|1992|1995,LT,BUF|IND
 Johnson,Johnny,1990,RB,PHO
 Smith,Emmitt,1990|1991|1992|1993|1994|1995|1998|1999,RB,DAL
 Humphrey,Bobby,1990,RB,DEN
 Howard,Erik,1990,NT,NYG
 Roberts,William,1990,LG,NYG
 Everett,Jim,1990,QB,RAM
 Williams,John,1990|1991,FB,SEA
 Irvin,Michael,1991|1992|1993|1994|1995,WR,DAL
 Cook,Marv,1991|1992,TE,NWE
 Simmons,Clyde,1991|1992,RDE,PHI
 Gossett,Jeff,1991,P,RAI
 Sanders,Deion,1991|1992|1993|1994|1996|1997|1998|1999,KR/PR/RCB|KR/RCB|RCB|RCB/WR|PR/RCB,ATL|SFO|DAL
 Jaeger,Jeff,1991,K,RAI
 Jeffires,Haywood,1991|1992|1993,WR,HOU
 Dishman,Cris,1991|1997,LCB,HOU|WAS
 Smith,Al,1991|1992,MLB,HOU
 Joyner,Seth,1991|1993|1994,LLB,PHI|ARI
 Lohmiller,Chip,1991,K,WAS
 Novacek,Jay,1991|1992|1993|1994|1995,TE,DAL
 Blades,Bennie,1991,FS,DET
 Fuller,William,1991|1994|1995|1996,LDE,HOU|PHI
 Seau,Junior,1991|1992|1993|1994|1995|1996|1997|1998|1999|2000|2001|2002,RILB|RLB|LB|LB/ROLB,SDG
 Green,Gaston,1991,RB,DEN
 Thompson,Bennie,1991|1998,,NOR|BAL
 Byrd,Gill,1991|1992,LCB,SDG
 Ritcher,Jim,1991|1992,LG,BUF
 Kennedy,Cortez,1991|1992|1993|1994|1995|1996|1998|1999,RDT|DT/RDT,SEA
 Miller,Chris,1991,QB,ATL
 Gayle,Shaun,1991,SS,CHI
 Aikman,Troy,1991|1992|1993|1994|1995|1996,QB,DAL
 Smith,Neil,1991|1992|1993|1994|1995|1997,LDE|RDE,KAN|DEN
 Thomas,Henry,1991|1992,RDT|LDT,MIN
 Lloyd,Greg,1991|1992|1993|1994|1995,ROLB,PIT
 Horton,Ethan,1991,TE,RAI
 Schlereth,Mark,1991|1998,RG|LG,WAS|DEN
 Foster,Barry,1992|1993,RB,PIT
 Young,Steve,1992|1993|1994|1995|1996|1997|1998,QB,SFO
 Jones,Henry,1992,SS,BUF
 McMillian,Audray,1992,RCB,MIN
 Stepnoski,Mark,1992|1993|1994|1995|1996,C,DAL|HOU
 Wallace,Steve,1992,LT,SFO
 Holt,Pierce,1992,LDE,SFO
 Ballard,Howard,1992|1993,RT,BUF
 Cox,Bryan,1992|1994|1995,ROLB|MLB,MIA
 Jones,Brent,1992|1993|1994|1995,TE,SFO
 Shelley,Elbert,1992|1993|1994|1995,,ATL
 Bailey,Johnny,1992,KR/PR,PHO
 Newton,Nate,1992|1993|1994|1995|1996|1998,LG,DAL
 Cecil,Chuck,1992,FS,GNB
 Scott,Todd,1992,SS,MIN
 Haselrig,Carlton,1992,RG,PIT
 McDaniel,Terry,1992|1993|1994|1995|1996,LCB,RAI|OAK
 Tuggle,Jessie,1992|1994|1995|1997|1998,RILB|MLB,ATL
 Odomes,Nate,1992|1993,RCB,BUF
 Green,Harold,1992,RB,CIN
 Massey,Robert,1992,LCB,PHO
 Brooks,Michael,1992,RILB,DEN
 Sharpe,Shannon,1992|1993|1994|1995|1996|1997|1998|2001,TE,DEN|BAL
 Favre,Brett,1992|1993|1995|1996|1997|2001|2002|2003|2007|2008|2009,QB,GNB|NYJ|MIN
 Alt,John,1992|1993,LT,KAN
 Hilgenberg,Joel,1992,C,NOR
 Hampton,Rodney,1992|1993,RB,NYG
 Duncan,Curtis,1992,WR,HOU
 White,Lorenzo,1992,RB,HOU
 Barnett,Fred,1992,WR,PHI
 Dawson,Dermontti,1992|1993|1994|1995|1996|1997|1998,C,PIT
 O'Donnell,Neil,1992,QB,PIT
 Harmon,Ronnie,1992,RB,SDG
 Robinson,Eugene,1992|1993|1998,FS,SEA|ATL
 Watters,Ricky,1992|1993|1994|1995|1996,RB,SFO|PHI
 Metcalf,Eric,1993|1994|1997,PR/RB|PR,CLE|SDG
 Williams,Erik,1993|1996|1997|1999,RT,DAL
 Butler,LeRoy,1993|1996|1997|1998,SS,GNB
 Montgomery,Greg,1993,P,HOU
 Barton,Harris,1993,RT,SFO
 Nickerson,Hardy,1993|1996|1997|1998|1999,MLB,TAM
 Randle,John,1993|1994|1995|1996|1997|1998|2001,RDT|RDE,MIN|SEA
 Bettis,Jerome,1993|1994|1996|1997|2001|2004,RB,RAM|PIT
 Hughes,Tyrone,1993,KR/PR,NOR
 Turnbull,Renaldo,1993,ROLB,NOR
 Gilbert,Sean,1993,RDT,RAM
 Norton,Ken,1993|1995|1997,MLB|RLB,DAL|SFO
 Hebert,Bobby,1993,QB,ATL
 Woolford,Donnell,1993,LCB,CHI
 Everett,Thomas,1993,FS,DAL
 Johnston,Daryl,1993|1994,FB,DAL
 Maryland,Russell,1993,RDT,DAL
 Byars,Keith,1993,FB,MIA
 Sims,Keith,1993|1994|1995,LG,MIA
 Carter,Cris,1993|1994|1995|1996|1997|1998|1999|2000,WR,MIN
 Elliott,Jumbo,1993,LT,NYG
 Jones,Sean,1993,RDE,HOU
 Green,Eric,1993|1994,TE,PIT
 Warren,Chris,1993|1994|1995,RB,SEA
 Sapolu,Jesse,1993|1994,C|LG,SFO
 Woodson,Darren,1994|1995|1996|1997|1998,SS,DAL
 Roaf,Willie,1994|1995|1996|1997|1998|1999|2000|2002|2003|2004|2005,LT|LT/T,NOR|KAN
 Coates,Ben,1994|1995|1996|1997|1998,TE,NWE
 Turner,Eric,1994|1996,FS,CLE|BAL
 Carney,John,1994|2008,K,SDG|NYG
 McGlockton,Chester,1994|1995|1996|1997,RDT,RAI|OAK
 Reveiz,Fuad,1994,K,MIN
 Hanks,Merton,1994|1995|1996|1997,FS,SFO
 Faulk,Marshall,1994|1995|1998|1999|2000|2001|2002,RB|FB/RB,IND|STL
 Lake,Carnell,1994|1995|1996|1997|1999,SS|RCB/SS|FS,PIT|JAX
 Tuten,Rick,1994,P,SEA
 Harvey,Ken,1994|1995|1996|1997,LLB,WAS
 Paup,Bryce,1994|1995|1996|1997,LLB|LOLB,GNB|BUF
 Williams,Aeneas,1994|1995|1996|1997|1998|1999|2001|2003,LCB|CB/LCB|FS/S,ARI|STL
 Del Rio,Jack,1994,MLB,MIN
 Stubblefield,Dana,1994|1995|1997,RDT,SFO
 Lett,Leon,1994|1998,RDT|LDT,DAL
 Mathis,Terance,1994,WR,ATL
 Burnett,Rob,1994,LDE,CLE
 Tuinei,Mark,1994|1995,LT,DAL
 Carter,Dale,1994|1995|1996|1997,RCB|LCB,KAN
 Bledsoe,Drew,1994|1996|1997|2002,QB,NWE|BUF
 Love,Duval,1994,LG,PIT
 Means,Natrone,1994,RB,SDG
 Hoard,Leroy,1994,FB,CLE
 Moore,Herman,1994|1995|1996|1997,WR,DET
 Martin,Wayne,1994,LDE,NOR
 Moore,Rob,1994|1997,WR,NYJ|ARI
 Gogan,Kevin,1994|1997|1998,RG,RAI|SFO
 Hostetler,Jeff,1994,QB,RAI
 Bennett,Darren,1995|2000,P,SDG
 Mitchell,Brian,1995,KR/PR,WAS
 Davis,Eric,1995|1996,LCB,SFO|CAR
 Allen,Larry,1995|1996|1997|1998|1999|2000|2001|2003|2004|2005|2006,RG|LT|LG,DAL|SFO
 Milburn,Glyn,1995|1999,KR/PR|WR,DEN|CHI
 Pickens,Carl,1995|1996,WR,CIN
 Swann,Eric,1995|1996,LDT,ARI
 Elam,Jason,1995|1998|2001,K,DEN
 Glover,Kevin,1995|1996|1997,C,DET
 Harbaugh,Jim,1995,QB,IND
 Feagles,Jeff,1995|2008,P,ARI|NYG
 Saleaumua,Dan,1995,RDT,KAN
 Martin,Curtis,1995|1996|1998|2001|2004,RB,NWE|NYJ
 Bishop,Blaine,1995|1996|1997|2000,SS,HOU|TEN
 Thomas,William,1995|1996,RLB,PHI
 Chmura,Mark,1995|1997|1998,TE,GNB
 Woodall,Lee,1995|1997,LLB,SFO
 Lewis,Darryll,1995,RCB,HOU
 Thigpen,Yancey,1995|1997,WR,PIT
 Heyward,Craig,1995,RB,ATL
 Blake,Jeff,1995,QB,CIN
 Centers,Larry,1995|1996|2001,FB,ARI|BUF
 Anders,Kimble,1995|1996|1997,FB,KAN
 Bono,Steve,1995,QB,KAN
 Shields,Will,1995|1996|1997|1998|1999|2000|2001|2002|2003|2004|2005|2006,RG|RG/TE|LT/RG,KAN
 Blanchard,Cary,1996,K,IND
 Gardocki,Chris,1996,P,IND
 Davis,Terrell,1996|1997|1998,RB,DEN
 Williams,Alfred,1996,RDE,DEN
 Brown,Chad,1996|1998|1999,ROLB|RLB|LB/ROLB,PIT|SEA
 Young,Bryant,1996|1999|2001|2002,LDT|DT/LDT|LDT/RDT,SFO
 Bates,Michael,1996|1997|1998|1999|2000,KR,CAR
 Lathon,Lamar,1996,ROLB,CAR
 Ambrose,Ashley,1996,LCB,CIN
 Turk,Matt,1996|1997|1998,P,WAS
 Schwantz,Jim,1996,,DAL
 Kasay,John,1996,K,CAR
 Walls,Wesley,1996|1997|1998|1999|2001,TE,CAR
 Tolbert,Tony,1996,LDE,DAL
 Allen,Terry,1996,RB,WAS
 Kirkland,Levon,1996|1997,LILB,PIT
 Martin,Tony,1996,WR,SDG
 Mills,John Henry,1996,,HOU
 Braxton,Tyrone,1996,SS,DEN
 Romanowski,Bill,1996|1998,LLB,DEN
 Boselli,Tony,1996|1997|1998|1999|2000,LT|LT/T,JAX
 Bruce,Isaac,1996|1999|2000|2001,WR,STL
 Sinclair,Michael,1996|1997|1998,LDE,SEA
 Brown,Ruben,1996|1997|1998|1999|2000|2001|2002|2003|2006,LG|G/LG,BUF|CHI
 Collins,Kerry,1996|2008,QB,CAR|TEN
 Winters,Frank,1996,C,GNB
 Brunell,Mark,1996|1997|1999,QB,JAX
 McCardell,Keenan,1996|2003,WR,JAX|TAM
 McGinest,Willie,1996|2003,RDE|DE/LB,NWE
 Testaverde,Vinny,1996|1998,QB,BAL|NYJ
 Frerotte,Gus,1996,QB,WAS
 Armstead,Jessie,1997|1998|1999|2000|2001,LLB|LB/LCB/SS|LB|LB/ROLB,NYG
 Strahan,Michael,1997|1998|1999|2001|2002|2003|2005,LDE|DE/LDT|DE,NYG
 Ogden,Jonathan,1997|1998|1999|2000|2001|2002|2003|2004|2005|2006|2007,LT|LT/T,BAL
 Barker,Bryan,1997,P,JAX
 Jervey,Travis,1997,,GNB
 Alstott,Mike,1997|1998|1999|2000|2001|2002,FB|FB/RB,TAM
 Washington,Ted,1997|1998|2000|2001,NT|LDT,BUF|CHI
 Hanson,Jason,1997|1999,K,DET
 Hasty,James,1997|1999,RCB|CB/FS/RCB,KAN
 Steussie,Todd,1997|1998,LT,MIN
 Slade,Chris,1997,LLB,NWE
 Williams,Darryl,1997,FS,SEA
 Brooks,Derrick,1997|1998|1999|2000|2001|2002|2003|2004|2005|2006|2008,RLB|LB|LB/ROLB,TAM
 Porcher,Robert,1997|1999|2001,LDE|DE/LDT|DE,DET
 Levens,Dorsey,1997,RB,GNB
 Whigham,Larry,1997|2001,,NWE|CHI
 Glenn,Aaron,1997|1998|2002,KR/LCB|LCB,NYJ|HOU
 Steed,Joel,1997,NT,PIT
 Lewis,Ray,1997|1998|1999|2000|2001|2003|2004|2006|2007|2008|2009|2010|2011,MLB|LB/MLB|LB/RILB|MLB/RILB|LILB/MLB|LILB|ILB,BAL
 Sapp,Warren,1997|1998|1999|2000|2001|2002|2003,RDT|DT/RDT|DT|DT/LDT,TAM
 Chandler,Chris,1997|1998,QB,ATL
 Nalen,Tom,1997|1998|1999|2000|2003,C,DEN
 Hollis,Mike,1997,K,JAX
 Smith,Jimmy,1997|1998|1999|2000|2001,WR,JAX
 George,Eddie,1997|1998|1999|2000,RB|FB/RB,TEN
 Dilfer,Trent,1997,QB,TAM
 Dunn,Warrick,1997|2000|2005,RB,TAM|ATL
 Lynch,John,1997|1999|2000|2001|2002|2004|2005|2006|2007,SS|FS,TAM|DEN
 Mayberry,Tony,1997|1998|1999,C,TAM
 Anderson,Jamal,1998,RB,ATL
 Freeman,Antonio,1998,WR,GNB
 Moss,Randy,1998|1999|2000|2002|2003|2007,WR,MIN|NWE
 Law,Ty,1998|2001|2002|2003|2005,LCB|CB/LCB|CB/DB/LCB/RCB,NWE|NYJ
 Hentrich,Craig,1998|2003,P,TEN
 Harrison,Rodney,1998|2001,SS,SDG
 Lewis,Mo,1998|1999|2000,LLB|LOLB|LB/LOLB,NYJ
 Russell,Darrell,1998|1999,LDT|DT/RDT,OAK
 Lewis,Jermaine,1998|2001,PR/WR|RB/WR,BAL
 Preston,Roell,1998,KR/PR,GNB
 McCrary,Michael,1998|1999,RDE|DE,BAL
 Buchanan,Ray,1998,LCB,ATL
 Moulds,Eric,1998|2000|2002,WR,BUF
 Christy,Jeff,1998|1999|2000,C,MIN|TAM
 Milloy,Lawyer,1998|1999|2001|2002,SS,NWE
 Johnson,Keyshawn,1998|1999|2001,WR,NYJ|TAM
 Hearst,Garrison,1998|2001,RB|FB/RB,SFO
 Gash,Sam,1998|1999,FB,BUF
 McCaffrey,Ed,1998,WR,DEN
 Whitfield,Bob,1998,LT,ATL
 Flutie,Doug,1998,QB,BUF
 Jones,Tony,1998,LT,DEN
 Bowens,Tim,1998|2002,LDT,MIA
 McDaniel,Ed,1998,MLB,MIN
 Smith,Robert,1998|2000,RB,MIN
 Johnson,Joe,1998|2000,RDE|DE,NOR
 Wycheck,Frank,1998|1999|2000,TE|FB/TE,TEN
 Woodson,Charles,1998|1999|2000|2001|2008|2009|2010|2011|2015,LCB|CB/LCB|LCB/SS|CB|FS,OAK|GNB
 Boulware,Peter,1998|1999|2002|2003,LLB|LB|LOLB/ROLB|ROLB,BAL
 Springs,Shawn,1998,LCB,SEA
 Tubbs,Winfred,1998,MLB,SFO
 Harrison,Marvin,1999|2000|2001|2002|2003|2004|2005|2006,WR,IND
 James,Edgerrin,1999|2000|2004|2005,RB,IND
 Hardy,Kevin,1999,LB,JAX
 Gonzalez,Tony,1999|2000|2001|2002|2003|2004|2005|2006|2007|2008|2010|2011|2012|2013,RB/TE|TE,KAN|ATL
 Madison,Sam,1999|2000|2001|2002,CB/RCB|RCB,MIA
 Mare,Olindo,1999,K,MIA
 Kearse,Jevon,1999|2000|2001,DE,TEN
 Carter,Kevin,1999|2002,DE,STL|TEN
 Pace,Orlando,1999|2000|2001|2002|2003|2004|2005,LT|LT/T,STL
 Warner,Kurt,1999|2000|2001|2008,QB,STL|ARI
 Berger,Mitch,1999|2004,P,MIN|NOR
 Mawae,Kevin,1999|2000|2001|2002|2003|2004|2008|2009,C,NYJ|TEN
 Pryce,Trevor,1999|2000|2001|2002,DT/RDT|RDT|DE,DEN
 Tupa,Tom,1999,P/QB,NYJ
 Thomas,Zach,1999|2000|2001|2002|2003|2005|2006,LB/MLB|MLB,MIA
 Manning,Peyton,1999|2000|2002|2003|2004|2005|2006|2007|2008|2009|2010|2012|2013|2014,QB,IND|DEN
 Brackens,Tony,1999,DE,JAX
 Lyght,Todd,1999,LCB/SS,STL
 Davis,Stephen,1999|2000|2003,RB,WAS|CAR
 Johnson,Tre',1999,G/LG/RG,WAS
 Mack,Tremain,1999,,CIN
 Smith,Detron,1999,,DEN
 Elliss,Luther,1999|2000,DT/RDT|DT,DET
 Dawkins,Brian,1999|2001|2002|2004|2005|2006|2008|2009|2011,FS/S|FS|SS,PHI|DEN
 Rice,Simeon,1999|2002|2003,DE,ARI|TAM
 Searcy,Leon,1999,RT,JAX
 Beuerlein,Steve,1999,QB,CAR
 Muhammad,Muhsin,1999|2004,WR,CAR
 Dillon,Corey,1999|2000|2001|2004,RB,CIN|NWE
 Coakley,Dexter,1999|2001|2003,LB,DAL
 Boyd,Stephen,1999|2000,LB/MLB|MLB,DET
 Sloan,David,1999,TE,DET
 Grunhard,Tim,1999,C/RG,KAN
 Glenn,Terry,1999,WR,NWE
 Vincent,Troy,1999|2000|2001|2002|2003,CB/LCB|LCB,PHI
 Gannon,Rich,1999|2000|2001|2002,QB,OAK
 Jones,Walter,1999|2001|2002|2003|2004|2005|2006|2007|2008,LT|LT/RT,SEA
 Schulters,Lance,1999,FS/S,SFO
 Johnson,Brad,1999|2002,QB,WAS|TAM
 Sharper,Darren,2000|2002|2005|2007|2009,FS|SS,GNB|MIN|NOR
 Taylor,Jason,2000|2002|2004|2005|2006|2007,DE,MIA
 Glover,La'Roi,2000|2001|2002|2003|2004|2005,RDT|DT|LDT/RDT|DT/NT,NOR|DAL
 Mason,Derrick,2000|2003,WR,TEN
 Rolle,Samari,2000,CB/LCB/RCB,TEN
 Douglas,Hugh,2000|2001|2002,DE,PHI
 Stover,Matt,2000,K,BAL
 Trotter,Jeremiah,2000|2001|2004|2005,MLB,PHI
 Owens,Terrell,2000|2001|2002|2003|2004|2007,WR,SFO|PHI|DAL
 Smith,Rod,2000|2001|2005,WR,DEN
 Armstrong,Trace,2000,,MIA
 Lewis,Chad,2000|2001|2002,TE,PHI
 Adams,Sam,2000|2001|2004,LDT,BAL|BUF
 Gramatica,Martin,2000,K,TAM
 Bailey,Champ,2000|2001|2002|2003|2004|2005|2006|2007|2009|2010|2011|2012,LCB|CB/LCB|CB,WAS|DEN
 Player,Scott,2000,P,ARI
 Howard,Desmond,2000,,DET
 Izzo,Larry,2000|2002|2004,,MIA|NWE
 Marion,Brock,2000|2002|2003,FS,MIA
 Birk,Matt,2000|2001|2003|2004|2006|2007,C,MIN
 Culpepper,Daunte,2000|2003|2004,QB,MIN
 Mitchell,Keith,2000,LB/LOLB,NOR
 Stone,Ron,2000|2001|2002,RG,NYG|SFO
 Hopkins,Brad,2000|2003,LT/T|LT,TEN
 Cowart,Sam,2000,,BUF
 Urlacher,Brian,2000|2001|2002|2003|2005|2006|2010|2011,MLB|ILB,CHI
 Griese,Brian,2000,QB,DEN
 Grbac,Elvis,2000,QB,KAN
 Ruddy,Tim,2000,C,MIA
 Griffith,Robert,2000,SS,MIN
 Stringer,Korey,2000,RT,MIN
 Fields,Mark,2000|2004,LB/ROLB|LB/LOLB,NOR|CAR
 Horn,Joe,2000|2001|2002|2004,WR,NOR
 Anderson,Richie,2000,FB,NYJ
 McNair,Steve,2000|2003|2005,QB,TEN
 McNabb,Donovan,2000|2001|2002|2003|2004|2009,QB,PHI
 Gildon,Jason,2000|2001|2002,LOLB|LB/LOLB,PIT
 Kennedy,Lincoln,2000|2001|2002,RT,OAK
 Holt,Torry,2000|2001|2003|2004|2005|2006|2007,WR,STL
 Garcia,Jeff,2000|2001|2002|2007,QB,SFO|TAM
 Garner,Charlie,2000,RB,SFO
 Abraham,Donnie,2000,LCB,TAM
 Alexander,Stephen,2000,TE,WAS
 Coleman,Marco,2000,DE,WAS
 Sauerbrun,Todd,2001|2002|2003,P,CAR
 Smith,Steve,2001|2005|2006|2008|2009|2011,WR,CAR|NYG
 Miller,Jamir,2001,DE/LB,CLE
 Boston,David,2001,WR,ARI
 Abraham,John,2001|2002|2004|2010|2013,DE|OLB,NYJ|ATL|ARI
 Akers,David,2001|2002|2004|2009|2010|2011,K,PHI|SFO
 Faneca,Alan,2001|2002|2003|2004|2005|2006|2007|2008|2009,LG|LG/LT|G,PIT|NYJ
 Barber,Ronde,2001|2004|2005|2006|2008,RCB,TAM
 Holmes,Priest,2001|2002|2003,RB,KAN
 Brown,Troy,2001,WR,NWE
 Green,Ahman,2001|2002|2003|2004,RB|FB/RB,GNB
 Lechler,Shane,2001|2004|2007|2008|2009|2010|2011,P,OAK
 Wiley,Marcellus,2001,DE,SDG
 Brown,Ray,2001,LG,SFO
 Arrington,LaVar,2001|2002|2003,LB,WAS
 Kreutz,Olin,2001|2002|2003|2004|2005|2006,C,CHI
 Gold,Ian,2001,,DEN
 O'Neal,Deltha,2001|2005,CB/LCB|LCB,DEN|CIN
 Samuels,Chris,2001|2002|2005|2006|2007|2008,LT,WAS
 Williams,James,2001,RT,CHI
 Knight,Sammy,2001,SS,NOR
 Bell,Kendrell,2001,RILB,PIT
 Timmerman,Adam,2001,RG,STL
 Brooking,Keith,2001|2002|2003|2004|2005,MLB|LB|LB/MLB,ATL
 Dilger,Ken,2001,TE,IND
 Carswell,Dwayne,2001,TE,DEN
 Wilson,Al,2001|2002|2003|2005|2006,MLB,DEN
 Franks,Bubba,2001|2002|2003,TE,GNB
 Walker,Gary,2001|2002,LDT|DE,JAX|HOU
 Chamberlain,Byron,2001,TE,MIN
 Brady,Tom,2001|2004|2005|2007|2009|2010|2011|2012|2013|2014|2015|2016|2017,QB,NWE
 Thomas,Tra,2001|2002|2004,LT,PHI
 Stewart,Kordell,2001,QB,PIT
 Ward,Hines,2001|2002|2003|2004,FL/WR|FL,PIT
 McNeil,Ryan,2001,CB/RCB,SDG
 Newberry,Jeremy,2001|2002,C,SFO
 Surtain,Patrick,2002|2003|2004,LCB,MIA
 Williams,Ricky,2002,RB,MIA
 Lewis,Michael,2002|2004,SS,NOR|PHI
 Porter,Joey,2002|2004|2005|2008,LB/ROLB|ROLB,PIT|MIA
 Vinatieri,Adam,2002|2004|2014,K,NWE|IND
 Taylor,Bobby,2002,LCB/RCB,PHI
 McAfee,Fred,2002,,NOR
 Shockey,Jeremy,2002|2003|2005|2006,TE/WR|TE,NYG
 Jenkins,Kris,2002|2003|2006|2008,DT/RDT|RDT|NT,CAR|NYJ
 Robbins,Barret,2002,C,OAK
 Hanson,Chris,2002,P,JAX
 Mayberry,Jermane,2002,RG,PHI
 McAllister,Deuce,2002|2003,RB,NOR
 Seymour,Richard,2002|2003|2004|2005|2006|2010|2011,DT/LDT/NT/RDT|DE/DT/LDT|DE|DE/DT|DT,NWE|OAK
 Hall,Dante,2002|2003,WR,KAN
 Edwards,Donnie,2002,MLB,SDG
 Tomlinson,LaDainian,2002|2004|2005|2006|2007,RB,SDG
 Peterson,Julian,2002|2003|2006|2007|2008,LB/LOLB/SS|LOLB|LB/ROLB|LB,SFO|SEA
 Vick,Michael,2002|2004|2005|2010,QB,ATL|PHI
 Henry,Travis,2002,RB,BUF
 Booker,Marty,2002,WR,CHI
 Neal,Lorenzo,2002|2005|2006|2007,FB,CIN|SDG
 Driver,Donald,2002|2006|2007,WR,GNB
 Rivera,Marco,2002|2003|2004,RG,GNB
 Bennett,Michael,2002|2015|2016|2017,RB|DE,MIN|SEA
 Woody,Damien,2002,C/RG,NWE
 Runyan,Jon,2002,RT,PHI
 Heap,Todd,2002|2003,TE,BAL
 Quarles,Shelton,2002,MLB,TAM
 Vanderjagt,Mike,2003,K,IND
 Williams,Roy,2003|2004|2005|2006|2007,FS/SS|FS|SS|WR,DAL|DET
 Lewis,Jamal,2003,FB/RB,BAL
 Hutchinson,Steve,2003|2004|2005|2006|2007|2008|2009,LG|G,SEA|MIN
 Reed,Ed,2003|2004|2006|2007|2008|2009|2010|2011|2012,SS|FS,BAL
 Bulluck,Keith,2003,LB,TEN
 Little,Leonard,2003,DE,STL
 McAlister,Chris,2003|2004|2006,LCB|CB/LCB,BAL
 Azumah,Jerry,2003,RCB,CHI
 Bannister,Alex,2003,WR,SEA
 Johnson,Chad,2003|2004|2005|2006|2007|2009,WR,CIN
 Freeney,Dwight,2003|2004|2005|2008|2009|2010|2011,DE,IND
 Stroud,Marcus,2003|2004|2005,LDT|DE/LDT|LDT/RDT,JAX
 Wilkins,Jeff,2003,K,STL
 Crumpler,Alge,2003|2004|2005|2006,TE,ATL
 Spikes,Takeo,2003|2004,LB,BUF
 Bly,Dre',2003|2004,RCB|CB/RCB,DET
 Ogunleye,Adewale,2003,DE,MIA
 Thomas,Adalius,2003|2006,LB/LOLB|LB/ROLB,BAL
 Anderson,Willie,2003|2004|2005|2006,RT/T,CIN
 Beasley,Fred,2003,FB,SFO
 Rucker,Mike,2003,DE,CAR
 Boldin,Anquan,2003|2006|2008,WR,ARI
 Adams,Flozell,2003|2004|2006|2007|2008,LT,DAL
 Portis,Clinton,2003|2008,RB,DEN|WAS
 Flanagan,Mike,2003,C,GNB
 Gbaja-Biamila,Kabeer,2003,DE,GNB
 Green,Trent,2003|2005,QB,KAN
 Richardson,Tony,2003|2004|2007,FB,KAN|MIN
 Stills,Gary,2003,,KAN
 Woods,Jerome,2003,FS,KAN
 Chavous,Corey,2003,SS,MIN
 Bentley,LeCharles,2003|2005,RG|C,NOR
 Ellis,Shaun,2003|2009,DE,NYJ
 Simon,Corey,2003,LDT,PHI
 Hampton,Casey,2003|2005|2006|2007|2009,NT|DT/NT|DT,PIT
 Bulger,Marc,2003|2006,QB,STL
 Alexander,Shaun,2003|2004|2005,RB,SEA
 Hasselbeck,Matt,2003|2005|2007,QB,SEA
 Coles,Laveranues,2003,WR,WAS
 Peppers,Julius,2004|2005|2006|2008|2009|2010|2011|2012|2015,DE|OLB,CAR|CHI|GNB
 Drummond,Eddie,2004,WR,DET
 Williams,Kevin,2004|2006|2007|2008|2009|2010,DT|DT/RDT,MIN
 Farrior,James,2004|2008,LILB|LB/LILB,PIT
 Gates,Antonio,2004|2005|2006|2007|2008|2009|2010|2011,TE,SDG
 Waters,Brian,2004|2005|2006|2008|2010|2011,LG|G,KAN|NWE
 McGee,Terrence,2004,LCB,BUF
 Sheppard,Lito,2004|2006,LCB|LCB/RCB,PHI
 Hartings,Jeff,2004|2005,C,PIT
 Henderson,William,2004,FB/RB,GNB
 Berry,Bertrand,2004,DE,ARI
 Polamalu,Troy,2004|2005|2006|2007|2008|2010|2011|2013,SS,PIT
 Morgan,Dan,2004,MLB,CAR
 Witten,Jason,2004|2005|2006|2007|2008|2009|2010|2012|2013|2014|2017,TE,DAL
 Barber,Tiki,2004|2005|2006,RB|RB/TB,NYG
 Reese,Ike,2004,LB,PHI
 Kerney,Patrick,2004|2007,DE,ATL|SEA
 Rogers,Shaun,2004|2005|2008,RDT|DT/LDT|NT,DET|CLE
 Bruschi,Tedy,2004,LB/LILB,NWE
 Rossum,Allen,2004,CB,ATL
 Clements,Nate,2004,RCB,BUF
 James,Tory,2004,RCB,CIN
 Johnson,Rudi,2004,RB,CIN
 Glenn,Tarik,2004|2005|2006,LT,IND
 Walker,Javon,2004,WR,GNB
 Johnson,Andre,2004|2006|2008|2009|2010|2012|2013,WR,HOU
 Henderson,John,2004|2006,RDT|LDT/RDT,JAX
 Gammon,Kendall,2004,,KAN
 Westbrook,Brian,2004|2007,RB,PHI
 Smith,Aaron,2004,DE,PIT
 Smith,Marvel,2004,LT,PIT
 Suggs,Terrell,2004|2006|2008|2010|2011|2013|2017,LB/LOLB|DE/LOLB|LOLB/ROLB|OLB,BAL
 Brees,Drew,2004|2006|2008|2009|2010|2011|2012|2013|2014|2016|2017,QB,SDG|NOR
 Jennings,Brian,2004|2011,LS,SFO
 Washington,Marcus,2004,LB,WAS
 Moorman,Brian,2005|2006,P,BUF
 Rackers,Neil,2005,K,ARI
 Mathis,Jerome,2005,,HOU
 Briggs,Lance,2005|2006|2007|2008|2009|2010|2011,LB|OLB,CHI
 Umenyiora,Osi,2005|2007,DE,NYG
 Williams,Jamal,2005|2006|2007,DT,SDG
 Coleman,Roderick,2005,LDT,ATL
 Vasher,Nathan,2005,RCB,CHI
 June,Cato,2005,LB,IND
 Sanders,Bob,2005|2007,FS|SS,IND
 Saturday,Jeff,2005|2006|2007|2009|2010|2012,C,IND|GNB
 Tyree,David,2005,,NYG
 Merriman,Shawne,2005|2006|2007,LB|LB/LOLB/ROLB,SDG
 Strong,Mack,2005|2006,FB|FB/WR,SEA
 Brown,Mike,2005,SS,CHI
 Harris,Tommie,2005|2006|2007,DT/LDT,CHI
 Graham,Shayne,2005,K,CIN
 Johnson,Larry,2005|2006,RB,KAN
 Burgess,Derrick,2005|2006,DE,OAK
 Bidwell,Josh,2005,P,TAM
 Moss,Santana,2005,WR,WAS
 Wahle,Mike,2005,LG,CAR
 Robinson,Koren,2005,WR,MIN
 Milligan,Hanik,2005,,SDG
 Hall,DeAngelo,2005|2006|2010,LCB|CB/LCB|CB,ATL|WAS
 Schneck,Mike,2005,,BUF
 Delhomme,Jake,2005,QB,CAR
 Palmer,Carson,2005|2006|2015,QB,CIN|ARI
 Fitzgerald,Larry,2005|2007|2008|2009|2010|2011|2012|2013|2015|2016|2017,WR,ARI
 Plummer,Jake,2005,QB,DEN
 Chambers,Chris,2005,WR,MIA
 Vilma,Jonathan,2005|2009|2010,MLB,NYJ|NOR
 Vanden Bosch,Kyle,2005|2007|2009,DE,TEN
 Bartrum,Mike,2005,,PHI
 Tatupu,Lofa,2005|2006|2007,MLB,SEA
 Tobeck,Robbie,2005,C,SEA
 Gould,Robbie,2006,K,CHI
 Hester,Devin,2006|2007|2010|2014,KR|WR,CHI|ATL
 Mathis,Rashean,2006,LCB,JAX
 Wilson,Adrian,2006|2008|2009|2010|2011,SS,ARI
 Miller,Justin,2006,RCB,NYJ
 Brown,Jammal,2006|2008,LT/WR|LT,NOR
 Andrews,Shawn,2006|2007,RG,PHI
 Ayanbadejo,Brendon,2006|2007|2008,LB,CHI|BAL
 Schobel,Aaron,2006|2007,DE,BUF
 McBriar,Mat,2006|2010,P,DAL
 Ware,DeMarcus,2006|2007|2008|2009|2010|2011|2012|2014|2015,LB|OLB|DE,DAL|DEN
 Kampman,Aaron,2006|2007,DE,GNB
 Jackson,Steven,2006|2009|2010,FB/RB|RB,STL
 Scott,Bart,2006,LB/LILB/MLB,BAL
 Kaeding,Nate,2006|2009,K,SDG
 Gore,Frank,2006|2009|2011|2012|2013,RB,SFO
 Wayne,Reggie,2006|2007|2008|2009|2010|2012,WR,IND
 Gurode,Andre,2006|2007|2008|2009|2010,C,DAL
 Romo,Tony,2006|2007|2009|2014,QB,DAL
 Williams,Pat,2006|2007|2008,NT|LDT/NT,MIN
 Smith,Will,2006,DE,NOR
 Light,Matt,2006|2007|2010,LT|T,NWE
 Pierce,Antonio,2006,MLB,NYG
 Young,Vince,2006|2009,QB,TEN
 Parker,Willie,2006|2007,RB,PIT
 Binn,David,2006,,SDG
 Hardwick,Nick,2006,C,SDG
 McNeill,Marcus,2006|2007,LT,SDG
 Osgood,Kassim,2006|2007|2009,SP,SDG
 Rivers,Philip,2006|2009|2010|2011|2013|2016|2017,QB,SDG|LAC
 Harris,Walt,2006,CB/RCB,SFO
 Moore,Dave,2006,,TAM
 Taylor,Sean,2006|2007,FS,WAS
 Allen,Jared,2007|2008|2009|2011|2012,DE,KAN|MIN
 Samuel,Asante,2007|2008|2009|2010,LCB|CB,NWE|PHI
 Bironas,Rob,2007,K,TEN
 Haynesworth,Albert,2007|2008,RDT,TEN
 Willis,Patrick,2007|2008|2009|2010|2011|2012|2013,MLB/RILB|LB/RILB|MLB|ILB,SFO
 Cribbs,Josh,2007|2009|2012,WR|KR,CLE
 Mankins,Logan,2007|2009|2010|2011|2012|2013|2015,LG|G|RG,NWE|TAM
 Vrabel,Mike,2007,LB,NWE
 Cromartie,Antonio,2007|2012|2013|2014,LCB/RCB|CB,SDG|NYJ|ARI
 Lee,Andy,2007|2009|2011,P,SFO
 Peters,Jason,2007|2008|2009|2010|2011|2013|2014|2015|2016,LT|T,BUF|PHI
 Edwards,Braylon,2007,WR,CLE
 Ryans,DeMeco,2007|2009,MLB,HOU
 Peterson,Adrian,2007|2008|2009|2010|2012|2013|2015,RB,MIN
 Trufant,Marcus,2007,LCB,SEA
 Davis,Leonard,2007|2008|2009,RG|G,DAL
 Harris,Al,2007|2008,RCB|LCB/RCB,GNB
 Taylor,Fred,2007,RB,JAX
 Koppen,Dan,2007,C,NWE
 Wilfork,Vince,2007|2009|2010|2011|2012,DT/LDT/NT|DT,NWE
 Harrison,James,2007|2008|2009|2010|2011,ROLB|LB/ROLB|OLB,PIT
 Houshmandzadeh,T.J.,2007,WR,CIN
 Anderson,Derek,2007,QB,CLE
 Pontbriand,Ryan,2007|2008,,CLE
 Thomas,Joe,2007|2008|2009|2010|2011|2012|2013|2014|2015|2016,LT|T,CLE
 Addai,Joseph,2007,RB,IND
 Bethea,Antoine,2007|2009|2014,FS|SS,IND|SFO
 Dockett,Darnell,2007|2009|2010,DE/DT|DT,ARI
 Barber,Marion,2007,,DAL
 Ellis,Greg,2007,LB,DAL
 Folk,Nick,2007,K,DAL
 Hamlin,Ken,2007,FS,DAL
 Newman,Terence,2007|2009,CB/LCB/RCB|CB,DAL
 Clifton,Chad,2007|2010,LT|T,GNB
 Cole,Trent,2007|2009,DE,PHI
 Roethlisberger,Ben,2007|2011|2014|2015|2016|2017,QB,PIT
 McGahee,Willis,2007|2011,RB,BAL|DEN
 Dielman,Kris,2007|2008|2009|2010,LG|G,SDG
 Albright,Ethan,2007,,WAS
 Cooley,Chris,2007|2008,TE,WAS
 Griffin,Michael,2008|2010,FS,TEN
 Turner,Michael,2008|2010,RB,ATL
 Gross,Jordan,2008|2010|2013,LT|T,CAR
 Gostkowski,Stephen,2008|2013|2014|2015,K,NWE
 Snee,Chris,2008|2009|2010|2012,RG|G,NYG
 Finnegan,Cortland,2008,RCB,TEN
 Roos,Michael,2008,LT,TEN
 Asomugha,Nnamdi,2008|2009|2010,CB,OAK
 Tuck,Justin,2008|2010,DE,NYG
 O'Hara,Shaun,2008|2009|2010,C,NYG
 Beason,Jon,2008|2009|2010,MLB|OLB,CAR
 Williams,Mario,2008|2009|2013|2014,DE,HOU|BUF
 Washington,Leon,2008|2012,RB|KR,NYJ|SEA
 McClain,Le'Ron,2008|2009,FB/RB|FB,BAL
 Collins,Nick,2008|2009|2010,FS,GNB
 Winfield,Antoine,2008|2009|2010,LCB|CB,MIN
 Welker,Wes,2008|2009|2010|2011|2012,WR,NWE
 Smith,Clifton,2008,,TAM
 White,Roddy,2008|2009|2010|2011,WR,ATL
 Lynch,Marshawn,2008|2011|2012|2013|2014,RB,BUF|SEA
 Mathis,Robert,2008|2009|2010|2012|2013,DE|OLB,IND
 Morey,Sean,2008,,ARI
 Ratliff,Jay,2008|2009|2010|2011,NT|DT,DAL
 Cutler,Jay,2008,QB,DEN
 Marshall,Brandon,2008|2009|2011|2012|2013|2015,WR,DEN|MIA|CHI|NYJ
 Wiegmann,Casey,2008,C,DEN
 Daniels,Owen,2008|2012,TE,HOU
 Brown,Ronnie,2008,RB,MIA
 Long,Jake,2008|2009|2010|2011,LT|T,MIA
 DeOssie,Zak,2008|2010,LS,NYG
 Manning,Eli,2008|2011|2012|2015,QB,NYG
 Jones,Thomas,2008,RB,NYJ
 Mangold,Nick,2008|2009|2010|2011|2013|2014|2015,C,NYJ
 Revis,Darrelle,2008|2009|2010|2011|2013|2014|2015,LCB|CB,NYJ|TAM|NWE
 Hope,Chris,2008,SS,TEN
 Johnson,Chris,2008|2009|2010,RB,TEN
 Joseph,Davin,2008|2011,RG|G,TAM
 Sellers,Mike,2008,FB,WAS
 Rodgers,Aaron,2009|2011|2012|2014|2015|2016,QB,GNB
 Schaub,Matt,2009|2012,QB,HOU
 Garrard,David,2009,QB,JAX
 Jones-Drew,Maurice,2009|2010|2011,RB,JAX
 Rice,Ray,2009|2011|2012,RB,BAL
 Williams,DeAngelo,2009,RB,CAR
 Weaver,Leonard,2009,FB,PHI
 Jackson,Vincent,2009|2011|2012,WR,SDG|TAM
 Rice,Sidney,2009,WR,MIN
 Austin,Miles,2009|2010,WR,DAL
 Clark,Dallas,2009,TE,IND
 Miller,Heath,2009|2012,TE,PIT
 Davis,Vernon,2009|2013,TE,SFO
 Clady,Ryan,2009|2011|2012|2014,T|LT,DEN
 McKinnie,Bryant,2009,T,MIN
 Stinchcomb,Jon,2009,T,NOR
 Diehl,David,2009,T,NYG
 Ferguson,D'Brickashaw,2009|2010|2011,T,NYJ
 Evans,Jahri,2009|2010|2011|2012|2013|2014,G,NOR
 Kalil,Ryan,2009|2010|2011|2013|2015,C,CAR
 Goodwin,Jonathan,2009,C,NOR
 Ngata,Haloti,2009|2010|2011|2012|2013,DT,BAL
 Smith,Justin,2009|2010|2011|2012|2013,DT,SFO
 Dumervil,Elvis,2009|2011|2012|2014|2015,OLB|DE|LB,DEN|BAL
 Woodley,LaMarr,2009,OLB,PIT
 Cushing,Brian,2009,OLB,HOU
 Orakpo,Brian,2009|2010|2013|2016,OLB,WAS|TEN
 Fletcher,London,2009|2010|2011|2012,MLB|ILB,WAS
 Rodgers-Cromartie,Dominique,2009|2015,CB,ARI|NYG
 Jenkins,Mike,2009,CB,DAL
 Bell,Yeremiah,2009,SS,MIA
 Harper,Roman,2009|2010,SS|FS,NOR
 Mikell,Quintin,2009,SS,PHI
 Byrd,Jairus,2009|2012|2013,FS,BUF
 Rolle,Antrel,2009|2010|2013,FS|SS,ARI|NYG
 Meriweather,Brandon,2009|2010,FS,NWE
 Dorenbos,Jon,2009|2014,LS,PHI
 Condo,Jon,2009|2011,LS,OAK
 Carpenter,Dan,2009,K,MIA
 Jackson,DeSean,2009|2010|2013,KR|WR,PHI
 Harvin,Percy,2009,KR,MIN
 Knox,Johnny,2009,KR,CHI
 Farwell,Heath,2009,SP,MIN
 Ryan,Matt,2010|2012|2014|2016,QB,ATL
 Cassel,Matt,2010,QB,KAN
 Foster,Arian,2010|2011|2012|2014,RB,HOU
 Charles,Jamaal,2010|2012|2013|2014,RB,KAN
 Mughelli,Ovie,2010,FB,ATL
 Leach,Vonta,2010|2011|2012,FB,HOU|BAL
 Lloyd,Brandon,2010,WR,DEN
 Johnson,Calvin,2010|2011|2012|2013|2014|2015,WR,DET
 Bowe,Dwayne,2010,WR,KAN
 Jennings,Greg,2010|2011,WR,GNB
 Lewis,Marcedes,2010,TE,JAX
 Miller,Zach,2010,TE,OAK
 Clabo,Tyson,2010,T,ATL
 Penn,Donald,2010|2016|2017,T,TAM|OAK
 Nicks,Carl,2010|2011,G,NOR
 Pouncey,Maurkice,2010|2011|2012|2014|2016|2017,C,PIT
 Mack,Alex,2010|2013|2015|2016|2017,C,CLE|ATL
 Starks,Randy,2010|2012,DE|DT,MIA
 Babin,Jason,2010|2011,DE,TEN|PHI
 Suh,Ndamukong,2010|2012|2013|2014|2016,DT,DET|MIA
 Williams,Kyle,2010|2012|2013|2014|2016,DT,BUF
 Wake,Cameron,2010|2012|2013|2014|2016,OLB|DE,MIA
 Phillips,Shaun,2010,OLB,SDG
 Mayo,Jerod,2010|2012,ILB,NWE
 Henderson,E.J.,2010,ILB,MIN
 McCourty,Devin,2010|2016,CB|FS,NWE
 Grimes,Brent,2010|2013|2014|2015,CB,ATL|MIA
 Berry,Eric,2010|2012|2013|2015|2016,SS,KAN
 Denney,John,2010|2012,LS,MIA
 Cundiff,Billy,2010,K,BAL
 Mariani,Marc,2010,KR,TEN
 Weems,Eric,2010,ST,ATL
 Owens,Montell,2010|2011,ST,JAX
 Williams,Tramon,2010,DB/RCB,GNB
 Keisel,Brett,2010,DE,PIT
 Newton,Cam,2011|2013|2015,QB,CAR
 Dalton,Andy,2011|2014|2016,QB,CIN
 McCoy,LeSean,2011|2013|2014|2015|2016|2017,RB,PHI|BUF
 Forte,Matt,2011|2013,RB,CHI
 Mathews,Ryan,2011,RB,SDG
 Kuhn,John,2011|2014|2015,FB,GNB
 Robinson,Michael,2011,FB,SEA
 Green,A.J.,2011|2012|2013|2014|2015|2016|2017,WR,CIN
 Wallace,Mike,2011,WR,PIT
 Gronkowski,Rob,2011|2012|2014|2015|2017,TE,NWE
 Graham,Jimmy,2011|2013|2014|2016|2017,TE,NOR|SEA
 Gresham,Jermaine,2011|2012,TE,CIN
 Staley,Joe,2011|2012|2013|2014|2015|2017,T|RT,SFO
 Bushrod,Jermon,2011|2012,T,NOR
 Yanda,Marshal,2011|2012|2013|2014|2015|2016,G|RG,BAL
 Moore,Brandon,2011,G,NYJ
 Grubbs,Ben,2011|2013,G,BAL|NOR
 Myers,Chris,2011|2012,C,HOU
 Wells,Scott,2011,C,GNB
 Pierre-Paul,Jason,2011|2012,DE,NYG
 Smith,Antonio,2011,DE,HOU
 Carter,Andre,2011,DE,NWE
 Atkins,Geno,2011|2012|2014|2015|2016|2017,DT|NT,CIN
 Raji,B.J.,2011,DT,GNB
 Soliai,Paul,2011,DT,MIA
 Miller,Von,2011|2012|2014|2015|2016|2017,OLB|LB,DEN
 Hali,Tamba,2011|2012|2013|2014|2015,OLB,KAN
 Greenway,Chad,2011|2012,OLB,MIN
 Johnson,Derrick,2011|2012|2013|2015,ILB|MLB,KAN
 Joseph,Johnathan,2011|2012,CB,HOU
 Rogers,Carlos,2011,CB,SFO
 Tillman,Charles,2011|2012,CB,CHI
 Browner,Brandon,2011,CB,SEA
 Weddle,Eric,2011|2013|2014|2016|2017,FS|S,SDG|BAL
 Thomas,Earl,2011|2012|2013|2014|2015|2017,FS,SEA
 Clark,Ryan,2011,FS,PIT
 Chancellor,Kam,2011|2013|2014|2015,FS|SS,SEA
 Goldson,Dashon,2011|2012,FS,SFO
 Janikowski,Sebastian,2011,K,OAK
 Peterson,Patrick,2011|2012|2013|2014|2015|2016|2017,KR|CB|DB,ARI
 Brown,Antonio,2011|2013|2014|2015|2016|2017,KR|WR,PIT
 Slater,Matt,2011|2012|2013|2014|2015|2016|2017,ST|WR,NWE
 Graham,Corey,2011,ST,CHI
 Luck,Andrew,2012|2013|2014,QB,IND
 Wilson,Russell,2012|2013|2015|2017,QB,SEA
 Griffin,Robert,2012,QB,WAS
 Spiller,C.J.,2012,RB,BUF
 Martin,Doug,2012|2015,RB,TAM
 Felton,Jerome,2012,FB,MIN
 Reece,Marcel,2012|2013|2014,FB,OAK
 Jones,Julio,2012|2014|2015|2016|2017,WR,ATL
 Thomas,Demaryius,2012|2013|2014|2016,WR,DEN
 Cruz,Victor,2012,WR,NYG
 Rudolph,Kyle,2012|2017,TE,MIN
 Brown,Duane,2012|2013|2014|2017,T,HOU
 Whitworth,Andrew,2012|2015|2016|2017,T|RT,CIN|LAR
 Kalil,Matt,2012,T,MIN
 Okung,Russell,2012|2017,T,SEA|LAC
 Williams,Trent,2012|2013|2014|2015|2016|2017,T|RT,WAS
 Iupati,Mike,2012|2013|2014|2015,G,SFO|ARI
 Beadles,Zane,2012,G,DEN
 Sitton,Josh,2012|2014|2015|2016,G|LG,GNB|CHI
 Smith,Wade,2012,G,HOU
 Incognito,Richie,2012|2015|2016|2017,G,MIA|BUF
 Unger,Max,2012|2013,C,SEA
 Watt,J.J.,2012|2013|2014|2015,DE,HOU
 McCoy,Gerald,2012|2013|2014|2015|2016|2017,DT,TAM
 Melton,Henry,2012,DT,CHI
 Smith,Aldon,2012,OLB,SFO
 Spencer,Anthony,2012,OLB,DAL
 Houston,Justin,2012|2013|2014|2015,OLB|LB,KAN
 Kerrigan,Ryan,2012|2016|2017,OLB|LB,WAS
 Bowman,NaVorro,2012|2013|2015,ILB|LB,SFO
 Washington,Daryl,2012,ILB,ARI
 Jennings,Tim,2012|2013,CB,CHI
 Moore,William,2012,SS,ATL
 Landry,LaRon,2012,SS,NYJ
 Whitner,Donte,2012|2014,SS|FS,SFO|CLE
 DeCoud,Thomas,2012,FS,ATL
 Muhlbach,Don,2012,LS,DET
 Walsh,Blair,2012,K,MIN
 Dawson,Phil,2012,K,CLE
 Morstead,Thomas,2012,P,NOR
 Colquitt,Dustin,2012|2016,P,KAN
 Jones,Jacoby,2012,KR,BAL
 Alexander,Lorenzo,2012|2016,ST|OLB,WAS|BUF
 Smith,Alex,2013|2016|2017,QB,KAN
 Foles,Nick,2013,QB,PHI
 Lacy,Eddie,2013,RB,GNB
 Murray,DeMarco,2013|2014|2016,RB,DAL|TEN
 Morris,Alfred,2013|2014,RB,WAS
 Tolbert,Mike,2013|2015|2016,FB,CAR
 Gordon,Josh,2013,WR,CLE
 Jeffery,Alshon,2013,WR,CHI
 Bryant,Dez,2013|2014|2016,WR,DAL
 Cameron,Jordan,2013,TE,CLE
 Thomas,Julius,2013|2014,TE,DEN
 Smith,Tyron,2013|2014|2015|2016|2017,T|RT|LT,DAL
 Albert,Branden,2013|2015,T,KAN|MIA
 Vasquez,Louis,2013,G,DEN
 Mathis,Evan,2013|2014,G,PHI
 Long,Kyle,2013|2014|2015,G|LG|T,CHI
 Pouncey,Mike,2013|2014|2015,C|RG,MIA
 Quinn,Robert,2013|2014,DE,STL
 Hardy,Greg,2013,DE,CAR
 Jordan,Cameron,2013|2015|2017,DE,NOR
 Dareus,Marcell,2013|2014,DT,BUF
 Poe,Dontari,2013|2014,DT|NT,KAN
 Hatcher,Jason,2013,DT,DAL
 Brooks,Ahmad,2013,OLB,SFO
 Kuechly,Luke,2013|2014|2015|2016|2017,ILB|MLB|LB,CAR
 Burfict,Vontaze,2013,ILB,CIN
 Posluszny,Paul,2013,ILB,JAX
 Sherman,Richard,2013|2014|2015|2016,CB|DB,SEA
 Haden,Joe,2013|2014,CB,CLE
 Talib,Aqib,2013|2014|2015|2016|2017,CB,NWE|DEN
 Verner,Alterraun,2013,CB,TEN
 Flowers,Brandon,2013,CB,KAN
 Ward,T.J.,2013|2014,SS,CLE|DEN
 Reid,Eric,2013,FS,SFO
 Jansen,J.J.,2013,LS,CAR
 Overton,Matt,2013,LS,IND
 Tucker,Justin,2013|2016,K,BAL
 Prater,Matt,2013|2016,K,DEN|DET
 Hekker,Johnny,2013|2015|2016|2017,P,STL|LAR
 Fields,Brandon,2013,P,MIA
 Patterson,Cordarrelle,2013|2016,PR|RS,MIN
 McCluster,Dexter,2013,PR,KAN
 Bethel,Justin,2013|2014|2015,ST|DB|CB/ST,ARI
 Stafford,Matthew,2014,QB,DET
 Bell,Le'Veon,2014|2016|2017,RB,PIT
 Sproles,Darren,2014|2015|2016,RB|RB/RS,PHI
 Anderson,C.J.,2014,RB,DEN
 Ingram,Mark,2014|2017,RB,NOR
 Forsett,Justin,2014,RB,BAL
 Nelson,Jordy,2014,WR,GNB
 Sanders,Emmanuel,2014|2016,WR,DEN
 Beckham,Odell,2014|2015|2016,WR,NYG
 Cobb,Randall,2014,WR,GNB
 Hilton,T.Y.,2014|2015|2016|2017,WR,IND
 Tate,Golden,2014,WR,DET
 Maclin,Jeremy,2014,WR,PHI
 Olsen,Greg,2014|2015|2016,TE,CAR
 Bennett,Martellus,2014,TE,CHI
 Martin,Zack,2014|2015|2016|2017,G|LG,DAL
 Frederick,Travis,2014|2015|2016|2017,C,DAL
 Kelce,Jason,2014|2016,C,PHI
 Campbell,Calais,2014|2015|2017,DE|DT,ARI|JAX
 Richardson,Sheldon,2014,DT,NYJ
 Donald,Aaron,2014|2015|2016|2017,DT,STL|LAR
 Barwin,Connor,2014,OLB,PHI
 Timmons,Lawrence,2014,ILB,PIT
 Jackson,D'Qwell,2014,ILB,IND
 Mosley,C.J.,2014|2016|2017,MLB|LB,BAL
 Wagner,Bobby,2014|2015|2016|2017,LB|MLB,SEA
 Davis,Vontae,2014|2015,CB,IND
 Shields,Sam,2014,CB,GNB
 Adams,Mike,2014|2015,SS|S,IND
 Stuckey,Darrell,2014,SS,SDG
 Quin,Glover,2014,FS,DET
 Ladouceur,L.P.,2014,LS,DAL
 Harris,Chris,2014|2015|2016,DB|CB,DEN
 Gipson,Tashaun,2014,DB,CLE
 Parkey,Cody,2014,K,PHI
 McAfee,Pat,2014|2016,P,IND
 Huber,Kevin,2014,P,CIN
 Taylor,Tyrod,2015,QB,BUF
 Bridgewater,Teddy,2015,QB,MIN
 Carr,Derek,2015|2016|2017,QB,OAK
 Winston,Jameis,2015,QB,TAM
 Freeman,Devonta,2015|2016,RB,ATL
 Stewart,Jonathan,2015,RB,CAR
 Gurley,Todd,2015|2017,RB,STL|LAR
 Ivory,Chris,2015,RB,NYJ
 Murray,Latavius,2015,RB,OAK
 DiMarco,Patrick,2015,FB,ATL
 Landry,Jarvis,2015|2016|2017,WR,MIA
 Hopkins,DeAndre,2015|2017,WR,HOU
 Robinson,Allen,2015,WR,JAX
 Cooper,Amari,2015|2016,WR,OAK
 Walker,Delanie,2015|2016|2017,TE,TEN
 Eifert,Tyler,2015,TE,CIN
 Barnidge,Gary,2015,TE,CLE
 Kelce,Travis,2015|2016|2017,TE,KAN
 DeCastro,David,2015|2016|2017,G|RG,PIT
 Turner,Trai,2015|2016|2017,G,CAR
 Wood,Eric,2015,C,BUF
 Mack,Khalil,2015|2016|2017,DE|LB,OAK
 Ansah,Ezekiel,2015,DE,DET
 Dunlap,Carlos,2015|2016,DE,CIN
 Griffen,Everson,2015|2016|2017,DE,MIN
 Jones,Chandler,2015|2017,DE|LB,NWE|ARI
 Short,Kawann,2015,DT,CAR
 Wilkerson,Muhammad,2015,DT,NYJ
 Cox,Fletcher,2015|2016|2017,DT,PHI
 Casey,Jurrell,2015|2016|2017,DT,TEN
 Davis,Thomas,2015|2016|2017,OLB,CAR
 Barr,Anthony,2015|2016|2017,OLB|LB,MIN
 Lee,Sean,2015|2016,OLB|LB,DAL
 Collins,Jamie,2015,LB,NWE
 David,Lavonte,2015,LB,TAM
 Peters,Marcus,2015|2016,CB,KAN
 Trufant,Desmond,2015,CB,ATL
 Jones,Adam,2015,CB,CIN
 Verrett,Jason,2015,CB,SDG
 Jones,Reshad,2015|2017,SS,MIA
 Jenkins,Malcolm,2015|2017,FS|SS,PHI
 Nelson,Reggie,2015|2016,FS,CIN|OAK
 Weeks,Jon,2015,LS,HOU
 Cox,Morgan,2015|2016,LS,BAL
 Smith,Harrison,2015|2016|2017,S|FS|SS,MIN
 Mathieu,Tyrann,2015,DB,ARI
 Norman,Josh,2015,DB,CAR
 Butler,Malcolm,2015,DB,NWE
 Bailey,Dan,2015,K,DAL
 Brown,Josh,2015,K,NYG
 Koch,Sam,2015,P,BAL
 Lockett,Tyler,2015,WR/RS,SEA
 Peerman,Cedric,2015,HB/ST,CIN
 Prescott,Dak,2016,QB,DAL
 Cousins,Kirk,2016,QB,WAS
 Johnson,David,2016,RB,ARI
 Elliott,Ezekiel,2016,RB,DAL
 Ajayi,Jay,2016,RB,MIA
 Howard,Jordan,2016,RB,CHI
 Gordon,Melvin,2016,RB,SDG
 Juszczyk,Kyle,2016|2017,FB,BAL|SFO
 Hill,Tyreek,2016|2017,WR|PR,KAN
 Evans,Mike,2016,WR,TAM
 Baldwin,Doug,2016|2017,WR,SEA
 Reed,Jordan,2016,TE,WAS
 Bakhtiari,David,2016,T,GNB
 Osemele,Kelechi,2016|2017,LG|G,OAK
 Lang,T.J.,2016|2017,G,GNB|DET
 Scherff,Brandon,2016|2017,G|OG,WAS
 Hudson,Rodney,2016|2017,C,OAK
 Zuttah,Jeremy,2016,C,BAL
 Lewan,Taylor,2016|2017,RT|T,TEN
 Clowney,Jadeveon,2016|2017,DE,HOU
 Beasley,Vic,2016,DE,ATL
 Williams,Leonard,2016,DE,NYJ
 Avril,Cliff,2016,DE,SEA
 Joseph,Linval,2016|2017,DT,MIN
 Wright,K.J.,2016,OLB,SEA
 Shazier,Ryan,2016|2017,MLB|LB,PIT
 Hightower,Dont'a,2016,LB,NWE
 Brown,Zach,2016,LB,BUF
 Jenkins,Janoris,2016,CB,NYG
 Hayward,Casey,2016|2017,CB,SDG|LAC
 Gilmore,Stephon,2016,CB,BUF
 Rhodes,Xavier,2016|2017,CB,MIN
 Collins,Landon,2016|2017,SS,NYG
 Stewart,Darian,2016,SS,DEN
 McQuaide,Jake,2016|2017,LS,LAR
 Clinton-Dix,Ha Ha,2016,S,GNB
 Bryant,Matt,2016,K,ATL
 Alexander,D.J.,2016,ST,KAN
 Harris,Dwayne,2016,ST,NYG
 Wentz,Carson,2017,QB,PHI
 Goff,Jared,2017,QB,LAR
 Kamara,Alvin,2017,RB,NOR
 Hunt,Kareem,2017,RB,KAN
 Develin,James,2017,FB,NWE
 Nix,Roosevelt,2017,FB,PIT
 Thielen,Adam,2017,WR,MIN
 Thomas,Michael,2017,WR,NOR
 Allen,Keenan,2017,WR,LAC
 Adams,Davante,2017,WR,GNB
 Doyle,Jack,2017,TE,IND
 Ertz,Zach,2017,TE,PHI
 Johnson,Lane,2017,T,PHI
 Villanueva,Alejandro,2017,T,PIT
 Warford,Larry,2017,G,NOR
 Brooks,Brandon,2017,G,PHI
 Heyward,Cameron,2017,DE,PIT
 Lawrence,Demarcus,2017,DE,DAL
 Ngakoue,Yannick,2017,DE,JAX
 Bosa,Joey,2017,DE,LAC
 Ingram,Melvin,2017,DE,LAC
 Daniels,Mike,2017,DT,GNB
 Jackson,Malik,2017,DT,JAX
 Jones,Deion,2017,LB,ATL
 Smith,Telvin,2017,LB,JAX
 Schobert,Joe,2017,LB,CLE
 Alexander,Kwon,2017,LB,TAM
 Ramsey,Jalen,2017,CB,JAX
 Slay,Darius,2017,CB,DET
 Bouye,A.J.,2017,CB,JAX
 Lattimore,Marshon,2017,CB,NOR
 Byard,Kevin,2017,SS,TEN
 Hyde,Micah,2017,SS,BUF
 Neal,Keanu,2017,SS,ATL
 Harris,Clark,2017,LS,CIN
 Zuerlein,Greg,2017,K,LAR
 Gano,Graham,2017,K,CAR
 Boswell,Chris,2017,K,PIT
 Kern,Brett,2017,P,TEN
 Cooper,Pharoh,2017,PR,LAR
 Baker,Budda,2017,ST,ARI
 Trawick,Brynden,2017,ST,TEN
